relative_path,class_folder,label,binary_label
dataset/iOSFraudulent/fI_074.png,iOSFraudulent,ios_fraudulent,Fraudulent
dataset/AndroidGenuine/gA_371.jpg,AndroidGenuine,android_genuine,Genuine
dataset/iOSGenuine/gI_399.jpg,iOSGenuine,ios_genuine,Genuine
dataset/AndroidFraudulent/fA_033.png,AndroidFraudulent,android_fraudulent,Fraudulent
dataset/iOSFraudulent/fI_208.png,iOSFraudulent,ios_fraudulent,Fraudulent
dataset/AndroidGenuine/gA_222.jpg,AndroidGenuine,android_genuine,Genuine
dataset/AndroidFraudulent/fA_231.png,AndroidFraudulent,android_fraudulent,Fraudulent
dataset/iOSGenuine/gI_276.JPEG,iOSGenuine,ios_genuine,Genuine
dataset/iOSGenuine/gI_213.JPEG,iOSGenuine,ios_genuine,Genuine
dataset/AndroidGenuine/gA_257.jpg,AndroidGenuine,android_genuine,Genuine
dataset/iOSGenuine/gI_305.JPEG,iOSGenuine,ios_genuine,Genuine
dataset/iOSFraudulent/fI_220.png,iOSFraudulent,ios_fraudulent,Fraudulent
dataset/AndroidGenuine/gA_152.jfif,AndroidGenuine,android_genuine,Genuine
dataset/iOSGenuine/gI_287.JPEG,iOSGenuine,ios_genuine,Genuine
dataset/AndroidGenuine/gA_112.jfif,AndroidGenuine,android_genuine,Genuine
dataset/AndroidGenuine/gA_051.jpg,AndroidGenuine,android_genuine,Genuine
dataset/iOSGenuine/gI_151.PNG,iOSGenuine,ios_genuine,Genuine
dataset/iOSFraudulent/fI_215.png,iOSFraudulent,ios_fraudulent,Fraudulent
dataset/AndroidFraudulent/fA_013.png,AndroidFraudulent,android_fraudulent,Fraudulent
dataset/iOSGenuine/gI_275.JPEG,iOSGenuine,ios_genuine,Genuine
dataset/AndroidGenuine/gA_166.jfif,AndroidGenuine,android_genuine,Genuine
dataset/iOSGenuine/gI_041.PNG,iOSGenuine,ios_genuine,Genuine
dataset/AndroidGenuine/gA_294.jfif,AndroidGenuine,android_genuine,Genuine
dataset/AndroidFraudulent/fA_012.png,AndroidFraudulent,android_fraudulent,Fraudulent
dataset/AndroidGenuine/gA_245.jpg,AndroidGenuine,android_genuine,Genuine
dataset/iOSFraudulent/fI_290.png,iOSFraudulent,ios_fraudulent,Fraudulent
dataset/AndroidGenuine/gA_077.jpg,AndroidGenuine,android_genuine,Genuine
dataset/iOSFraudulent/fI_062.png,iOSFraudulent,ios_fraudulent,Fraudulent
dataset/AndroidGenuine/gA_164.jfif,AndroidGenuine,android_genuine,Genuine
dataset/AndroidGenuine/gA_231.jfif,AndroidGenuine,android_genuine,Genuine
dataset/iOSGenuine/gI_322.JPEG,iOSGenuine,ios_genuine,Genuine
dataset/iOSGenuine/gI_225.JPEG,iOSGenuine,ios_genuine,Genuine
dataset/iOSFraudulent/fI_338.png,iOSFraudulent,ios_fraudulent,Fraudulent
dataset/iOSFraudulent/fI_211.png,iOSFraudulent,ios_fraudulent,Fraudulent
dataset/iOSFraudulent/fI_047.png,iOSFraudulent,ios_fraudulent,Fraudulent
dataset/iOSFraudulent/fI_397.png,iOSFraudulent,ios_fraudulent,Fraudulent
dataset/iOSFraudulent/fI_245.png,iOSFraudulent,ios_fraudulent,Fraudulent
dataset/AndroidFraudulent/fA_321.png,AndroidFraudulent,android_fraudulent,Fraudulent
dataset/iOSGenuine/gI_047.PNG,iOSGenuine,ios_genuine,Genuine
dataset/AndroidGenuine/gA_261.jpg,AndroidGenuine,android_genuine,Genuine
dataset/iOSGenuine/gI_203.JPEG,iOSGenuine,ios_genuine,Genuine
dataset/AndroidFraudulent/fA_240.png,AndroidFraudulent,android_fraudulent,Fraudulent
dataset/AndroidGenuine/gA_081.jfif,AndroidGenuine,android_genuine,Genuine
dataset/iOSGenuine/gI_148.PNG,iOSGenuine,ios_genuine,Genuine
dataset/iOSGenuine/gI_036.PNG,iOSGenuine,ios_genuine,Genuine
dataset/iOSFraudulent/fI_347.png,iOSFraudulent,ios_fraudulent,Fraudulent
dataset/iOSGenuine/gI_200.JPEG,iOSGenuine,ios_genuine,Genuine
dataset/iOSFraudulent/fI_361.png,iOSFraudulent,ios_fraudulent,Fraudulent
dataset/iOSFraudulent/fI_340.png,iOSFraudulent,ios_fraudulent,Fraudulent
dataset/AndroidGenuine/gA_087.jfif,AndroidGenuine,android_genuine,Genuine
dataset/AndroidGenuine/gA_377.jpg,AndroidGenuine,android_genuine,Genuine
dataset/AndroidFraudulent/fA_168.png,AndroidFraudulent,android_fraudulent,Fraudulent
dataset/iOSGenuine/gI_281.JPEG,iOSGenuine,ios_genuine,Genuine
dataset/AndroidFraudulent/fA_156.png,AndroidFraudulent,android_fraudulent,Fraudulent
dataset/iOSGenuine/gI_039.PNG,iOSGenuine,ios_genuine,Genuine
dataset/AndroidGenuine/gA_050.jpg,AndroidGenuine,android_genuine,Genuine
dataset/AndroidGenuine/gA_347.jpg,AndroidGenuine,android_genuine,Genuine
dataset/AndroidFraudulent/fA_034.png,AndroidFraudulent,android_fraudulent,Fraudulent
dataset/AndroidGenuine/gA_330.jpg,AndroidGenuine,android_genuine,Genuine
dataset/AndroidFraudulent/fA_195.png,AndroidFraudulent,android_fraudulent,Fraudulent
dataset/iOSFraudulent/fI_314.png,iOSFraudulent,ios_fraudulent,Fraudulent
dataset/AndroidGenuine/gA_219.jfif,AndroidGenuine,android_genuine,Genuine
dataset/iOSFraudulent/fI_120.png,iOSFraudulent,ios_fraudulent,Fraudulent
dataset/AndroidGenuine/gA_168.jfif,AndroidGenuine,android_genuine,Genuine
dataset/iOSFraudulent/fI_101.png,iOSFraudulent,ios_fraudulent,Fraudulent
dataset/iOSGenuine/gI_299.jpg,iOSGenuine,ios_genuine,Genuine
dataset/AndroidGenuine/gA_135.jfif,AndroidGenuine,android_genuine,Genuine
dataset/iOSGenuine/gI_037.PNG,iOSGenuine,ios_genuine,Genuine
dataset/AndroidFraudulent/fA_221.png,AndroidFraudulent,android_fraudulent,Fraudulent
dataset/AndroidGenuine/gA_034.jpg,AndroidGenuine,android_genuine,Genuine
dataset/iOSFraudulent/fI_312.png,iOSFraudulent,ios_fraudulent,Fraudulent
dataset/iOSGenuine/gI_350.JPEG,iOSGenuine,ios_genuine,Genuine
dataset/AndroidGenuine/gA_393.jpg,AndroidGenuine,android_genuine,Genuine
dataset/AndroidFraudulent/fA_385.png,AndroidFraudulent,android_fraudulent,Fraudulent
dataset/iOSGenuine/gI_034.PNG,iOSGenuine,ios_genuine,Genuine
dataset/iOSGenuine/gI_393.jpg,iOSGenuine,ios_genuine,Genuine
dataset/AndroidFraudulent/fA_160.png,AndroidFraudulent,android_fraudulent,Fraudulent
dataset/iOSGenuine/gI_184.JPEG,iOSGenuine,ios_genuine,Genuine
dataset/AndroidFraudulent/fA_359.png,AndroidFraudulent,android_fraudulent,Fraudulent
dataset/AndroidGenuine/gA_099.jfif,AndroidGenuine,android_genuine,Genuine
dataset/AndroidGenuine/gA_297.jfif,AndroidGenuine,android_genuine,Genuine
dataset/iOSFraudulent/fI_247.png,iOSFraudulent,ios_fraudulent,Fraudulent
dataset/AndroidGenuine/gA_286.jfif,AndroidGenuine,android_genuine,Genuine
dataset/iOSGenuine/gI_370.JPEG,iOSGenuine,ios_genuine,Genuine
dataset/AndroidFraudulent/fA_016.png,AndroidFraudulent,android_fraudulent,Fraudulent
dataset/AndroidFraudulent/fA_209.png,AndroidFraudulent,android_fraudulent,Fraudulent
dataset/AndroidFraudulent/fA_211.png,AndroidFraudulent,android_fraudulent,Fraudulent
dataset/AndroidFraudulent/fA_090.png,AndroidFraudulent,android_fraudulent,Fraudulent
dataset/AndroidFraudulent/fA_269.png,AndroidFraudulent,android_fraudulent,Fraudulent
dataset/iOSGenuine/gI_192.JPEG,iOSGenuine,ios_genuine,Genuine
dataset/iOSGenuine/gI_141.PNG,iOSGenuine,ios_genuine,Genuine
dataset/iOSGenuine/gI_261.JPEG,iOSGenuine,ios_genuine,Genuine
dataset/iOSFraudulent/fI_017.png,iOSFraudulent,ios_fraudulent,Fraudulent
dataset/AndroidFraudulent/fA_393.png,AndroidFraudulent,android_fraudulent,Fraudulent
dataset/iOSFraudulent/fI_014.png,iOSFraudulent,ios_fraudulent,Fraudulent
dataset/iOSFraudulent/fI_073.png,iOSFraudulent,ios_fraudulent,Fraudulent
dataset/AndroidFraudulent/fA_228.png,AndroidFraudulent,android_fraudulent,Fraudulent
dataset/AndroidGenuine/gA_283.jpg,AndroidGenuine,android_genuine,Genuine
dataset/AndroidGenuine/gA_078.jfif,AndroidGenuine,android_genuine,Genuine
dataset/AndroidFraudulent/fA_276.png,AndroidFraudulent,android_fraudulent,Fraudulent
dataset/iOSGenuine/gI_377.jpg,iOSGenuine,ios_genuine,Genuine
dataset/iOSGenuine/gI_030.PNG,iOSGenuine,ios_genuine,Genuine
dataset/AndroidFraudulent/fA_343.png,AndroidFraudulent,android_fraudulent,Fraudulent
dataset/iOSFraudulent/fI_006.png,iOSFraudulent,ios_fraudulent,Fraudulent
dataset/AndroidGenuine/gA_313.jfif,AndroidGenuine,android_genuine,Genuine
dataset/iOSGenuine/gI_189.JPEG,iOSGenuine,ios_genuine,Genuine
dataset/AndroidFraudulent/fA_040.png,AndroidFraudulent,android_fraudulent,Fraudulent
dataset/AndroidFraudulent/fA_387.png,AndroidFraudulent,android_fraudulent,Fraudulent
dataset/AndroidGenuine/gA_176.jfif,AndroidGenuine,android_genuine,Genuine
dataset/AndroidGenuine/gA_198.jfif,AndroidGenuine,android_genuine,Genuine
dataset/iOSGenuine/gI_109.JPG,iOSGenuine,ios_genuine,Genuine
dataset/AndroidGenuine/gA_292.jfif,AndroidGenuine,android_genuine,Genuine
dataset/iOSFraudulent/fI_248.png,iOSFraudulent,ios_fraudulent,Fraudulent
dataset/iOSGenuine/gI_002.PNG,iOSGenuine,ios_genuine,Genuine
dataset/iOSFraudulent/fI_296.jpg,iOSFraudulent,ios_fraudulent,Fraudulent
dataset/iOSGenuine/gI_060.jpg,iOSGenuine,ios_genuine,Genuine
dataset/iOSFraudulent/fI_179.png,iOSFraudulent,ios_fraudulent,Fraudulent
dataset/iOSGenuine/gI_289.JPEG,iOSGenuine,ios_genuine,Genuine
dataset/AndroidFraudulent/fA_289.png,AndroidFraudulent,android_fraudulent,Fraudulent
dataset/AndroidGenuine/gA_054.jpg,AndroidGenuine,android_genuine,Genuine
dataset/iOSFraudulent/fI_341.png,iOSFraudulent,ios_fraudulent,Fraudulent
dataset/iOSGenuine/gI_143.PNG,iOSGenuine,ios_genuine,Genuine
dataset/iOSGenuine/gI_317.JPEG,iOSGenuine,ios_genuine,Genuine
dataset/iOSFraudulent/fI_063.png,iOSFraudulent,ios_fraudulent,Fraudulent
dataset/iOSGenuine/gI_015.PNG,iOSGenuine,ios_genuine,Genuine
dataset/iOSGenuine/gI_388.jpg,iOSGenuine,ios_genuine,Genuine
dataset/AndroidFraudulent/fA_323.png,AndroidFraudulent,android_fraudulent,Fraudulent
dataset/AndroidGenuine/gA_211.jpg,AndroidGenuine,android_genuine,Genuine
dataset/AndroidGenuine/gA_180.jfif,AndroidGenuine,android_genuine,Genuine
dataset/AndroidGenuine/gA_291.jfif,AndroidGenuine,android_genuine,Genuine
dataset/AndroidFraudulent/fA_377.png,AndroidFraudulent,android_fraudulent,Fraudulent
dataset/AndroidFraudulent/fA_119.png,AndroidFraudulent,android_fraudulent,Fraudulent
dataset/AndroidGenuine/gA_358.jpg,AndroidGenuine,android_genuine,Genuine
dataset/AndroidGenuine/gA_067.jpg,AndroidGenuine,android_genuine,Genuine
dataset/AndroidGenuine/gA_113.jfif,AndroidGenuine,android_genuine,Genuine
dataset/iOSGenuine/gI_335.JPEG,iOSGenuine,ios_genuine,Genuine
dataset/iOSFraudulent/fI_264.png,iOSFraudulent,ios_fraudulent,Fraudulent
dataset/iOSGenuine/gI_211.JPEG,iOSGenuine,ios_genuine,Genuine
dataset/AndroidFraudulent/fA_313.png,AndroidFraudulent,android_fraudulent,Fraudulent
dataset/AndroidGenuine/gA_084.jfif,AndroidGenuine,android_genuine,Genuine
dataset/AndroidFraudulent/fA_151.png,AndroidFraudulent,android_fraudulent,Fraudulent
dataset/iOSFraudulent/fI_024.png,iOSFraudulent,ios_fraudulent,Fraudulent
dataset/AndroidGenuine/gA_043.jpg,AndroidGenuine,android_genuine,Genuine
dataset/iOSFraudulent/fI_329.png,iOSFraudulent,ios_fraudulent,Fraudulent
dataset/iOSGenuine/gI_372.JPEG,iOSGenuine,ios_genuine,Genuine
dataset/iOSFraudulent/fI_333.png,iOSFraudulent,ios_fraudulent,Fraudulent
dataset/AndroidFraudulent/fA_005.png,AndroidFraudulent,android_fraudulent,Fraudulent
dataset/AndroidFraudulent/fA_399.png,AndroidFraudulent,android_fraudulent,Fraudulent
dataset/iOSGenuine/gI_279.JPEG,iOSGenuine,ios_genuine,Genuine
dataset/AndroidFraudulent/fA_068.png,AndroidFraudulent,android_fraudulent,Fraudulent
dataset/iOSFraudulent/fI_292.png,iOSFraudulent,ios_fraudulent,Fraudulent
dataset/AndroidGenuine/gA_276.jfif,AndroidGenuine,android_genuine,Genuine
dataset/AndroidGenuine/gA_207.jpg,AndroidGenuine,android_genuine,Genuine
dataset/iOSGenuine/gI_382.jpg,iOSGenuine,ios_genuine,Genuine
dataset/iOSFraudulent/fI_108.png,iOSFraudulent,ios_fraudulent,Fraudulent
dataset/iOSFraudulent/fI_048.png,iOSFraudulent,ios_fraudulent,Fraudulent
dataset/AndroidFraudulent/fA_206.png,AndroidFraudulent,android_fraudulent,Fraudulent
dataset/AndroidFraudulent/fA_154.png,AndroidFraudulent,android_fraudulent,Fraudulent
dataset/iOSFraudulent/fI_100.png,iOSFraudulent,ios_fraudulent,Fraudulent
dataset/iOSFraudulent/fI_036.png,iOSFraudulent,ios_fraudulent,Fraudulent
dataset/iOSGenuine/gI_246.jpg,iOSGenuine,ios_genuine,Genuine
dataset/iOSFraudulent/fI_279.png,iOSFraudulent,ios_fraudulent,Fraudulent
dataset/iOSGenuine/gI_237.JPEG,iOSGenuine,ios_genuine,Genuine
dataset/AndroidFraudulent/fA_115.png,AndroidFraudulent,android_fraudulent,Fraudulent
dataset/iOSFraudulent/fI_135.png,iOSFraudulent,ios_fraudulent,Fraudulent
dataset/iOSFraudulent/fI_230.png,iOSFraudulent,ios_fraudulent,Fraudulent
dataset/AndroidFraudulent/fA_137.png,AndroidFraudulent,android_fraudulent,Fraudulent
dataset/iOSGenuine/gI_183.JPEG,iOSGenuine,ios_genuine,Genuine
dataset/AndroidFraudulent/fA_179.png,AndroidFraudulent,android_fraudulent,Fraudulent
dataset/iOSGenuine/gI_082.jfif,iOSGenuine,ios_genuine,Genuine
dataset/AndroidFraudulent/fA_227.png,AndroidFraudulent,android_fraudulent,Fraudulent
dataset/iOSFraudulent/fI_373.png,iOSFraudulent,ios_fraudulent,Fraudulent
dataset/iOSFraudulent/fI_173.png,iOSFraudulent,ios_fraudulent,Fraudulent
dataset/iOSGenuine/gI_338.JPEG,iOSGenuine,ios_genuine,Genuine
dataset/iOSGenuine/gI_318.JPEG,iOSGenuine,ios_genuine,Genuine
dataset/iOSGenuine/gI_241.JPEG,iOSGenuine,ios_genuine,Genuine
dataset/iOSFraudulent/fI_132.png,iOSFraudulent,ios_fraudulent,Fraudulent
dataset/iOSFraudulent/fI_399.png,iOSFraudulent,ios_fraudulent,Fraudulent
dataset/iOSFraudulent/fI_298.jpg,iOSFraudulent,ios_fraudulent,Fraudulent
dataset/AndroidGenuine/gA_378.jpg,AndroidGenuine,android_genuine,Genuine
dataset/iOSFraudulent/fI_380.png,iOSFraudulent,ios_fraudulent,Fraudulent
dataset/AndroidGenuine/gA_052.jpg,AndroidGenuine,android_genuine,Genuine
dataset/AndroidGenuine/gA_021.jpg,AndroidGenuine,android_genuine,Genuine
dataset/AndroidGenuine/gA_018.jpg,AndroidGenuine,android_genuine,Genuine
dataset/AndroidFraudulent/fA_121.png,AndroidFraudulent,android_fraudulent,Fraudulent
dataset/AndroidFraudulent/fA_298.png,AndroidFraudulent,android_fraudulent,Fraudulent
dataset/iOSGenuine/gI_297.jpg,iOSGenuine,ios_genuine,Genuine
dataset/AndroidFraudulent/fA_336.png,AndroidFraudulent,android_fraudulent,Fraudulent
dataset/iOSFraudulent/fI_393.png,iOSFraudulent,ios_fraudulent,Fraudulent
dataset/iOSFraudulent/fI_327.png,iOSFraudulent,ios_fraudulent,Fraudulent
dataset/iOSGenuine/gI_270.JPEG,iOSGenuine,ios_genuine,Genuine
dataset/iOSGenuine/gI_280.JPEG,iOSGenuine,ios_genuine,Genuine
dataset/iOSFraudulent/fI_174.png,iOSFraudulent,ios_fraudulent,Fraudulent
dataset/AndroidFraudulent/fA_064.png,AndroidFraudulent,android_fraudulent,Fraudulent
dataset/iOSFraudulent/fI_072.png,iOSFraudulent,ios_fraudulent,Fraudulent
dataset/AndroidFraudulent/fA_011.png,AndroidFraudulent,android_fraudulent,Fraudulent
dataset/iOSGenuine/gI_374.jpg,iOSGenuine,ios_genuine,Genuine
dataset/AndroidFraudulent/fA_356.png,AndroidFraudulent,android_fraudulent,Fraudulent
dataset/AndroidFraudulent/fA_112.png,AndroidFraudulent,android_fraudulent,Fraudulent
dataset/AndroidFraudulent/fA_124.png,AndroidFraudulent,android_fraudulent,Fraudulent
dataset/iOSFraudulent/fI_351.png,iOSFraudulent,ios_fraudulent,Fraudulent
dataset/iOSGenuine/gI_226.JPEG,iOSGenuine,ios_genuine,Genuine
dataset/AndroidFraudulent/fA_120.png,AndroidFraudulent,android_fraudulent,Fraudulent
dataset/AndroidGenuine/gA_263.jpg,AndroidGenuine,android_genuine,Genuine
dataset/AndroidGenuine/gA_066.jpg,AndroidGenuine,android_genuine,Genuine
dataset/iOSFraudulent/fI_319.png,iOSFraudulent,ios_fraudulent,Fraudulent
dataset/AndroidGenuine/gA_399.jfif,AndroidGenuine,android_genuine,Genuine
dataset/AndroidFraudulent/fA_198.png,AndroidFraudulent,android_fraudulent,Fraudulent
dataset/AndroidGenuine/gA_191.jpg,AndroidGenuine,android_genuine,Genuine
dataset/iOSGenuine/gI_387.jpg,iOSGenuine,ios_genuine,Genuine
dataset/iOSGenuine/gI_096.JPG,iOSGenuine,ios_genuine,Genuine
dataset/AndroidFraudulent/fA_368.png,AndroidFraudulent,android_fraudulent,Fraudulent
dataset/AndroidGenuine/gA_128.jfif,AndroidGenuine,android_genuine,Genuine
dataset/iOSGenuine/gI_106.JPG,iOSGenuine,ios_genuine,Genuine
dataset/iOSGenuine/gI_160.PNG,iOSGenuine,ios_genuine,Genuine
dataset/AndroidFraudulent/fA_251.png,AndroidFraudulent,android_fraudulent,Fraudulent
dataset/iOSGenuine/gI_395.jpg,iOSGenuine,ios_genuine,Genuine
dataset/AndroidFraudulent/fA_200.png,AndroidFraudulent,android_fraudulent,Fraudulent
dataset/AndroidGenuine/gA_057.jpg,AndroidGenuine,android_genuine,Genuine
dataset/iOSFraudulent/fI_009.png,iOSFraudulent,ios_fraudulent,Fraudulent
dataset/AndroidGenuine/gA_288.jfif,AndroidGenuine,android_genuine,Genuine
dataset/AndroidGenuine/gA_020.jpg,AndroidGenuine,android_genuine,Genuine
dataset/AndroidGenuine/gA_199.jfif,AndroidGenuine,android_genuine,Genuine
dataset/AndroidFraudulent/fA_317.png,AndroidFraudulent,android_fraudulent,Fraudulent
dataset/iOSFraudulent/fI_044.png,iOSFraudulent,ios_fraudulent,Fraudulent
dataset/AndroidGenuine/gA_360.jpg,AndroidGenuine,android_genuine,Genuine
dataset/AndroidGenuine/gA_228.jpg,AndroidGenuine,android_genuine,Genuine
dataset/AndroidFraudulent/fA_229.png,AndroidFraudulent,android_fraudulent,Fraudulent
dataset/AndroidFraudulent/fA_361.png,AndroidFraudulent,android_fraudulent,Fraudulent
dataset/iOSFraudulent/fI_162.png,iOSFraudulent,ios_fraudulent,Fraudulent
dataset/iOSGenuine/gI_253.jpg,iOSGenuine,ios_genuine,Genuine
dataset/AndroidGenuine/gA_282.jpg,AndroidGenuine,android_genuine,Genuine
dataset/AndroidFraudulent/fA_018.png,AndroidFraudulent,android_fraudulent,Fraudulent
dataset/iOSFraudulent/fI_002.png,iOSFraudulent,ios_fraudulent,Fraudulent
dataset/iOSFraudulent/fI_075.png,iOSFraudulent,ios_fraudulent,Fraudulent
dataset/AndroidFraudulent/fA_047.png,AndroidFraudulent,android_fraudulent,Fraudulent
dataset/AndroidFraudulent/fA_184.png,AndroidFraudulent,android_fraudulent,Fraudulent
dataset/AndroidFraudulent/fA_268.png,AndroidFraudulent,android_fraudulent,Fraudulent
dataset/iOSGenuine/gI_072.jfif,iOSGenuine,ios_genuine,Genuine
dataset/AndroidGenuine/gA_238.jfif,AndroidGenuine,android_genuine,Genuine
dataset/AndroidFraudulent/fA_226.png,AndroidFraudulent,android_fraudulent,Fraudulent
dataset/AndroidGenuine/gA_277.jfif,AndroidGenuine,android_genuine,Genuine
dataset/iOSGenuine/gI_258.JPEG,iOSGenuine,ios_genuine,Genuine
dataset/iOSFraudulent/fI_147.png,iOSFraudulent,ios_fraudulent,Fraudulent
dataset/iOSFraudulent/fI_237.png,iOSFraudulent,ios_fraudulent,Fraudulent
dataset/iOSGenuine/gI_196.JPEG,iOSGenuine,ios_genuine,Genuine
dataset/iOSGenuine/gI_282.JPEG,iOSGenuine,ios_genuine,Genuine
dataset/iOSGenuine/gI_061.jfif,iOSGenuine,ios_genuine,Genuine
dataset/iOSFraudulent/fI_257.png,iOSFraudulent,ios_fraudulent,Fraudulent
dataset/AndroidFraudulent/fA_056.png,AndroidFraudulent,android_fraudulent,Fraudulent
dataset/AndroidFraudulent/fA_386.png,AndroidFraudulent,android_fraudulent,Fraudulent
dataset/iOSGenuine/gI_027.PNG,iOSGenuine,ios_genuine,Genuine
dataset/iOSGenuine/gI_120.JPEG,iOSGenuine,ios_genuine,Genuine
dataset/AndroidFraudulent/fA_233.png,AndroidFraudulent,android_fraudulent,Fraudulent
dataset/iOSGenuine/gI_097.JPG,iOSGenuine,ios_genuine,Genuine
dataset/AndroidFraudulent/fA_389.png,AndroidFraudulent,android_fraudulent,Fraudulent
dataset/iOSGenuine/gI_219.JPEG,iOSGenuine,ios_genuine,Genuine
dataset/iOSGenuine/gI_245.JPEG,iOSGenuine,ios_genuine,Genuine
dataset/AndroidGenuine/gA_170.jfif,AndroidGenuine,android_genuine,Genuine
dataset/iOSFraudulent/fI_308.png,iOSFraudulent,ios_fraudulent,Fraudulent
dataset/AndroidGenuine/gA_102.jfif,AndroidGenuine,android_genuine,Genuine
dataset/AndroidFraudulent/fA_163.png,AndroidFraudulent,android_fraudulent,Fraudulent
dataset/AndroidFraudulent/fA_290.png,AndroidFraudulent,android_fraudulent,Fraudulent
dataset/AndroidGenuine/gA_215.jpg,AndroidGenuine,android_genuine,Genuine
dataset/iOSGenuine/gI_042.PNG,iOSGenuine,ios_genuine,Genuine
dataset/AndroidGenuine/gA_029.jpg,AndroidGenuine,android_genuine,Genuine
dataset/AndroidFraudulent/fA_065.png,AndroidFraudulent,android_fraudulent,Fraudulent
dataset/iOSGenuine/gI_267.JPEG,iOSGenuine,ios_genuine,Genuine
dataset/iOSFraudulent/fI_087.png,iOSFraudulent,ios_fraudulent,Fraudulent
dataset/iOSFraudulent/fI_016.png,iOSFraudulent,ios_fraudulent,Fraudulent
dataset/AndroidFraudulent/fA_187.png,AndroidFraudulent,android_fraudulent,Fraudulent
dataset/AndroidGenuine/gA_116.jfif,AndroidGenuine,android_genuine,Genuine
dataset/AndroidFraudulent/fA_091.png,AndroidFraudulent,android_fraudulent,Fraudulent
dataset/AndroidGenuine/gA_284.jpg,AndroidGenuine,android_genuine,Genuine
dataset/AndroidGenuine/gA_115.jfif,AndroidGenuine,android_genuine,Genuine
dataset/AndroidFraudulent/fA_191.png,AndroidFraudulent,android_fraudulent,Fraudulent
dataset/iOSFraudulent/fI_398.png,iOSFraudulent,ios_fraudulent,Fraudulent
dataset/AndroidGenuine/gA_241.jfif,AndroidGenuine,android_genuine,Genuine
dataset/iOSGenuine/gI_199.JPEG,iOSGenuine,ios_genuine,Genuine
dataset/iOSGenuine/gI_012.PNG,iOSGenuine,ios_genuine,Genuine
dataset/iOSGenuine/gI_111.JPG,iOSGenuine,ios_genuine,Genuine
dataset/iOSFraudulent/fI_019.png,iOSFraudulent,ios_fraudulent,Fraudulent
dataset/AndroidGenuine/gA_250.jpg,AndroidGenuine,android_genuine,Genuine
dataset/iOSGenuine/gI_138.PNG,iOSGenuine,ios_genuine,Genuine
dataset/iOSFraudulent/fI_056.png,iOSFraudulent,ios_fraudulent,Fraudulent
dataset/iOSFraudulent/fI_144.png,iOSFraudulent,ios_fraudulent,Fraudulent
dataset/AndroidFraudulent/fA_247.png,AndroidFraudulent,android_fraudulent,Fraudulent
dataset/AndroidFraudulent/fA_239.png,AndroidFraudulent,android_fraudulent,Fraudulent
dataset/AndroidFraudulent/fA_084.png,AndroidFraudulent,android_fraudulent,Fraudulent
dataset/AndroidFraudulent/fA_039.png,AndroidFraudulent,android_fraudulent,Fraudulent
dataset/iOSGenuine/gI_391.jpg,iOSGenuine,ios_genuine,Genuine
dataset/AndroidFraudulent/fA_127.png,AndroidFraudulent,android_fraudulent,Fraudulent
dataset/AndroidGenuine/gA_357.jpg,AndroidGenuine,android_genuine,Genuine
dataset/AndroidGenuine/gA_363.jpg,AndroidGenuine,android_genuine,Genuine
dataset/AndroidGenuine/gA_240.jfif,AndroidGenuine,android_genuine,Genuine
dataset/AndroidFraudulent/fA_384.png,AndroidFraudulent,android_fraudulent,Fraudulent
dataset/iOSFraudulent/fI_260.png,iOSFraudulent,ios_fraudulent,Fraudulent
dataset/iOSFraudulent/fI_029.png,iOSFraudulent,ios_fraudulent,Fraudulent
dataset/iOSFraudulent/fI_262.png,iOSFraudulent,ios_fraudulent,Fraudulent
dataset/iOSFraudulent/fI_241.png,iOSFraudulent,ios_fraudulent,Fraudulent
dataset/AndroidGenuine/gA_285.jpg,AndroidGenuine,android_genuine,Genuine
dataset/iOSGenuine/gI_112.jfif,iOSGenuine,ios_genuine,Genuine
dataset/iOSFraudulent/fI_003.png,iOSFraudulent,ios_fraudulent,Fraudulent
dataset/AndroidGenuine/gA_303.jfif,AndroidGenuine,android_genuine,Genuine
dataset/iOSFraudulent/fI_368.png,iOSFraudulent,ios_fraudulent,Fraudulent
dataset/AndroidFraudulent/fA_138.png,AndroidFraudulent,android_fraudulent,Fraudulent
dataset/iOSGenuine/gI_118.JPEG,iOSGenuine,ios_genuine,Genuine
dataset/AndroidGenuine/gA_326.jpg,AndroidGenuine,android_genuine,Genuine
dataset/AndroidFraudulent/fA_213.png,AndroidFraudulent,android_fraudulent,Fraudulent
dataset/AndroidFraudulent/fA_337.png,AndroidFraudulent,android_fraudulent,Fraudulent
dataset/AndroidFraudulent/fA_286.png,AndroidFraudulent,android_fraudulent,Fraudulent
dataset/iOSFraudulent/fI_295.jpg,iOSFraudulent,ios_fraudulent,Fraudulent
dataset/iOSFraudulent/fI_113.png,iOSFraudulent,ios_fraudulent,Fraudulent
dataset/iOSFraudulent/fI_115.png,iOSFraudulent,ios_fraudulent,Fraudulent
dataset/iOSFraudulent/fI_129.png,iOSFraudulent,ios_fraudulent,Fraudulent
dataset/AndroidGenuine/gA_015.jpg,AndroidGenuine,android_genuine,Genuine
dataset/AndroidGenuine/gA_386.jpg,AndroidGenuine,android_genuine,Genuine
dataset/AndroidGenuine/gA_149.jfif,AndroidGenuine,android_genuine,Genuine
dataset/iOSGenuine/gI_363.JPEG,iOSGenuine,ios_genuine,Genuine
dataset/AndroidFraudulent/fA_346.png,AndroidFraudulent,android_fraudulent,Fraudulent
dataset/iOSFraudulent/fI_344.png,iOSFraudulent,ios_fraudulent,Fraudulent
dataset/AndroidGenuine/gA_278.jpg,AndroidGenuine,android_genuine,Genuine
dataset/iOSFraudulent/fI_127.png,iOSFraudulent,ios_fraudulent,Fraudulent
dataset/AndroidFraudulent/fA_355.png,AndroidFraudulent,android_fraudulent,Fraudulent
dataset/iOSGenuine/gI_306.JPEG,iOSGenuine,ios_genuine,Genuine
dataset/iOSGenuine/gI_110.JPG,iOSGenuine,ios_genuine,Genuine
dataset/AndroidFraudulent/fA_089.png,AndroidFraudulent,android_fraudulent,Fraudulent
dataset/AndroidFraudulent/fA_322.png,AndroidFraudulent,android_fraudulent,Fraudulent
dataset/iOSGenuine/gI_353.JPEG,iOSGenuine,ios_genuine,Genuine
dataset/iOSGenuine/gI_058.jpg,iOSGenuine,ios_genuine,Genuine
dataset/iOSFraudulent/fI_332.png,iOSFraudulent,ios_fraudulent,Fraudulent
dataset/iOSGenuine/gI_396.jpg,iOSGenuine,ios_genuine,Genuine
dataset/AndroidFraudulent/fA_392.png,AndroidFraudulent,android_fraudulent,Fraudulent
dataset/AndroidFraudulent/fA_058.png,AndroidFraudulent,android_fraudulent,Fraudulent
dataset/AndroidFraudulent/fA_205.png,AndroidFraudulent,android_fraudulent,Fraudulent
dataset/AndroidGenuine/gA_255.jpg,AndroidGenuine,android_genuine,Genuine
dataset/iOSFraudulent/fI_039.png,iOSFraudulent,ios_fraudulent,Fraudulent
dataset/AndroidFraudulent/fA_178.png,AndroidFraudulent,android_fraudulent,Fraudulent
dataset/AndroidFraudulent/fA_174.png,AndroidFraudulent,android_fraudulent,Fraudulent
dataset/AndroidFraudulent/fA_238.png,AndroidFraudulent,android_fraudulent,Fraudulent
dataset/iOSGenuine/gI_329.JPEG,iOSGenuine,ios_genuine,Genuine
dataset/iOSFraudulent/fI_304.png,iOSFraudulent,ios_fraudulent,Fraudulent
dataset/AndroidGenuine/gA_089.jfif,AndroidGenuine,android_genuine,Genuine
dataset/iOSFraudulent/fI_082.png,iOSFraudulent,ios_fraudulent,Fraudulent
dataset/iOSFraudulent/fI_330.png,iOSFraudulent,ios_fraudulent,Fraudulent
dataset/iOSGenuine/gI_274.JPEG,iOSGenuine,ios_genuine,Genuine
dataset/iOSGenuine/gI_025.PNG,iOSGenuine,ios_genuine,Genuine
dataset/AndroidFraudulent/fA_186.png,AndroidFraudulent,android_fraudulent,Fraudulent
dataset/AndroidGenuine/gA_221.jpg,AndroidGenuine,android_genuine,Genuine
dataset/iOSGenuine/gI_230.JPEG,iOSGenuine,ios_genuine,Genuine
dataset/AndroidGenuine/gA_265.jpg,AndroidGenuine,android_genuine,Genuine
dataset/iOSGenuine/gI_389.jpg,iOSGenuine,ios_genuine,Genuine
dataset/AndroidFraudulent/fA_104.png,AndroidFraudulent,android_fraudulent,Fraudulent
dataset/iOSFraudulent/fI_379.png,iOSFraudulent,ios_fraudulent,Fraudulent
dataset/AndroidGenuine/gA_044.jpg,AndroidGenuine,android_genuine,Genuine
dataset/AndroidFraudulent/fA_173.png,AndroidFraudulent,android_fraudulent,Fraudulent
dataset/AndroidFraudulent/fA_265.png,AndroidFraudulent,android_fraudulent,Fraudulent
dataset/iOSFraudulent/fI_178.png,iOSFraudulent,ios_fraudulent,Fraudulent
dataset/iOSGenuine/gI_292.jpg,iOSGenuine,ios_genuine,Genuine
dataset/AndroidFraudulent/fA_370.png,AndroidFraudulent,android_fraudulent,Fraudulent
dataset/AndroidGenuine/gA_323.jpg,AndroidGenuine,android_genuine,Genuine
dataset/AndroidGenuine/gA_337.jpg,AndroidGenuine,android_genuine,Genuine
dataset/iOSGenuine/gI_063.jfif,iOSGenuine,ios_genuine,Genuine
dataset/iOSFraudulent/fI_084.png,iOSFraudulent,ios_fraudulent,Fraudulent
dataset/AndroidFraudulent/fA_094.png,AndroidFraudulent,android_fraudulent,Fraudulent
dataset/AndroidGenuine/gA_333.jpg,AndroidGenuine,android_genuine,Genuine
dataset/AndroidFraudulent/fA_202.png,AndroidFraudulent,android_fraudulent,Fraudulent
dataset/iOSFraudulent/fI_165.png,iOSFraudulent,ios_fraudulent,Fraudulent
dataset/iOSFraudulent/fI_321.png,iOSFraudulent,ios_fraudulent,Fraudulent
dataset/iOSGenuine/gI_022.PNG,iOSGenuine,ios_genuine,Genuine
dataset/AndroidGenuine/gA_074.jpg,AndroidGenuine,android_genuine,Genuine
dataset/iOSGenuine/gI_108.JPG,iOSGenuine,ios_genuine,Genuine
dataset/AndroidFraudulent/fA_304.png,AndroidFraudulent,android_fraudulent,Fraudulent
dataset/iOSFraudulent/fI_169.png,iOSFraudulent,ios_fraudulent,Fraudulent
dataset/AndroidGenuine/gA_130.jfif,AndroidGenuine,android_genuine,Genuine
dataset/iOSGenuine/gI_091.JPG,iOSGenuine,ios_genuine,Genuine
dataset/iOSGenuine/gI_134.PNG,iOSGenuine,ios_genuine,Genuine
dataset/AndroidGenuine/gA_016.jpg,AndroidGenuine,android_genuine,Genuine
dataset/AndroidFraudulent/fA_255.png,AndroidFraudulent,android_fraudulent,Fraudulent
dataset/AndroidGenuine/gA_295.jfif,AndroidGenuine,android_genuine,Genuine
dataset/iOSFraudulent/fI_243.png,iOSFraudulent,ios_fraudulent,Fraudulent
dataset/iOSFraudulent/fI_102.png,iOSFraudulent,ios_fraudulent,Fraudulent
dataset/AndroidGenuine/gA_392.jpg,AndroidGenuine,android_genuine,Genuine
dataset/iOSFraudulent/fI_212.png,iOSFraudulent,ios_fraudulent,Fraudulent
dataset/iOSFraudulent/fI_268.png,iOSFraudulent,ios_fraudulent,Fraudulent
dataset/AndroidGenuine/gA_167.jfif,AndroidGenuine,android_genuine,Genuine
dataset/iOSGenuine/gI_223.JPEG,iOSGenuine,ios_genuine,Genuine
dataset/AndroidGenuine/gA_075.jpg,AndroidGenuine,android_genuine,Genuine
dataset/AndroidFraudulent/fA_235.png,AndroidFraudulent,android_fraudulent,Fraudulent
dataset/iOSGenuine/gI_293.JPEG,iOSGenuine,ios_genuine,Genuine
dataset/iOSGenuine/gI_277.JPEG,iOSGenuine,ios_genuine,Genuine
dataset/iOSGenuine/gI_207.JPEG,iOSGenuine,ios_genuine,Genuine
dataset/AndroidFraudulent/fA_375.png,AndroidFraudulent,android_fraudulent,Fraudulent
dataset/AndroidFraudulent/fA_113.png,AndroidFraudulent,android_fraudulent,Fraudulent
dataset/AndroidFraudulent/fA_219.png,AndroidFraudulent,android_fraudulent,Fraudulent
dataset/AndroidFraudulent/fA_273.png,AndroidFraudulent,android_fraudulent,Fraudulent
dataset/AndroidGenuine/gA_316.jpg,AndroidGenuine,android_genuine,Genuine
dataset/iOSFraudulent/fI_131.png,iOSFraudulent,ios_fraudulent,Fraudulent
dataset/AndroidGenuine/gA_139.jfif,AndroidGenuine,android_genuine,Genuine
dataset/iOSFraudulent/fI_205.png,iOSFraudulent,ios_fraudulent,Fraudulent
dataset/iOSGenuine/gI_365.JPEG,iOSGenuine,ios_genuine,Genuine
dataset/AndroidGenuine/gA_259.jpg,AndroidGenuine,android_genuine,Genuine
dataset/AndroidFraudulent/fA_216.png,AndroidFraudulent,android_fraudulent,Fraudulent
dataset/AndroidGenuine/gA_369.jpg,AndroidGenuine,android_genuine,Genuine
dataset/AndroidFraudulent/fA_143.jpg,AndroidFraudulent,android_fraudulent,Fraudulent
dataset/AndroidFraudulent/fA_354.png,AndroidFraudulent,android_fraudulent,Fraudulent
dataset/iOSFraudulent/fI_372.png,iOSFraudulent,ios_fraudulent,Fraudulent
dataset/iOSFraudulent/fI_157.png,iOSFraudulent,ios_fraudulent,Fraudulent
dataset/iOSFraudulent/fI_331.png,iOSFraudulent,ios_fraudulent,Fraudulent
dataset/iOSFraudulent/fI_030.png,iOSFraudulent,ios_fraudulent,Fraudulent
dataset/iOSFraudulent/fI_349.png,iOSFraudulent,ios_fraudulent,Fraudulent
dataset/iOSGenuine/gI_168.PNG,iOSGenuine,ios_genuine,Genuine
dataset/AndroidGenuine/gA_101.jfif,AndroidGenuine,android_genuine,Genuine
dataset/AndroidFraudulent/fA_194.png,AndroidFraudulent,android_fraudulent,Fraudulent
dataset/AndroidGenuine/gA_019.jpg,AndroidGenuine,android_genuine,Genuine
dataset/iOSFraudulent/fI_302.png,iOSFraudulent,ios_fraudulent,Fraudulent
dataset/iOSGenuine/gI_252.jpg,iOSGenuine,ios_genuine,Genuine
dataset/AndroidGenuine/gA_216.jpg,AndroidGenuine,android_genuine,Genuine
dataset/iOSGenuine/gI_242.JPEG,iOSGenuine,ios_genuine,Genuine
dataset/iOSGenuine/gI_149.PNG,iOSGenuine,ios_genuine,Genuine
dataset/iOSGenuine/gI_121.JPEG,iOSGenuine,ios_genuine,Genuine
dataset/AndroidGenuine/gA_304.jfif,AndroidGenuine,android_genuine,Genuine
dataset/AndroidGenuine/gA_134.jfif,AndroidGenuine,android_genuine,Genuine
dataset/iOSFraudulent/fI_261.png,iOSFraudulent,ios_fraudulent,Fraudulent
dataset/iOSGenuine/gI_369.JPEG,iOSGenuine,ios_genuine,Genuine
dataset/iOSFraudulent/fI_242.png,iOSFraudulent,ios_fraudulent,Fraudulent
dataset/iOSFraudulent/fI_190.png,iOSFraudulent,ios_fraudulent,Fraudulent
dataset/AndroidFraudulent/fA_232.png,AndroidFraudulent,android_fraudulent,Fraudulent
dataset/AndroidGenuine/gA_368.jpg,AndroidGenuine,android_genuine,Genuine
dataset/iOSGenuine/gI_104.JPG,iOSGenuine,ios_genuine,Genuine
dataset/AndroidFraudulent/fA_291.png,AndroidFraudulent,android_fraudulent,Fraudulent
dataset/AndroidFraudulent/fA_316.png,AndroidFraudulent,android_fraudulent,Fraudulent
dataset/AndroidGenuine/gA_398.jfif,AndroidGenuine,android_genuine,Genuine
dataset/AndroidGenuine/gA_352.jpg,AndroidGenuine,android_genuine,Genuine
dataset/AndroidFraudulent/fA_252.png,AndroidFraudulent,android_fraudulent,Fraudulent
dataset/AndroidFraudulent/fA_248.png,AndroidFraudulent,android_fraudulent,Fraudulent
dataset/iOSGenuine/gI_051.jpg,iOSGenuine,ios_genuine,Genuine
dataset/AndroidGenuine/gA_141.jfif,AndroidGenuine,android_genuine,Genuine
dataset/iOSGenuine/gI_059.jpg,iOSGenuine,ios_genuine,Genuine
dataset/AndroidGenuine/gA_028.jpg,AndroidGenuine,android_genuine,Genuine
dataset/iOSFraudulent/fI_232.png,iOSFraudulent,ios_fraudulent,Fraudulent
dataset/AndroidGenuine/gA_224.jpg,AndroidGenuine,android_genuine,Genuine
dataset/iOSFraudulent/fI_110.png,iOSFraudulent,ios_fraudulent,Fraudulent
dataset/iOSGenuine/gI_379.jpg,iOSGenuine,ios_genuine,Genuine
dataset/AndroidGenuine/gA_281.jfif,AndroidGenuine,android_genuine,Genuine
dataset/iOSGenuine/gI_116.jfif,iOSGenuine,ios_genuine,Genuine
dataset/AndroidGenuine/gA_327.jpg,AndroidGenuine,android_genuine,Genuine
dataset/iOSGenuine/gI_089.JPG,iOSGenuine,ios_genuine,Genuine
dataset/AndroidFraudulent/fA_369.png,AndroidFraudulent,android_fraudulent,Fraudulent
dataset/AndroidGenuine/gA_063.jpg,AndroidGenuine,android_genuine,Genuine
dataset/AndroidGenuine/gA_073.jpg,AndroidGenuine,android_genuine,Genuine
dataset/AndroidFraudulent/fA_275.png,AndroidFraudulent,android_fraudulent,Fraudulent
dataset/iOSGenuine/gI_337.JPEG,iOSGenuine,ios_genuine,Genuine
dataset/iOSFraudulent/fI_040.png,iOSFraudulent,ios_fraudulent,Fraudulent
dataset/AndroidFraudulent/fA_243.png,AndroidFraudulent,android_fraudulent,Fraudulent
dataset/AndroidFraudulent/fA_388.png,AndroidFraudulent,android_fraudulent,Fraudulent
dataset/AndroidFraudulent/fA_153.png,AndroidFraudulent,android_fraudulent,Fraudulent
dataset/AndroidFraudulent/fA_362.png,AndroidFraudulent,android_fraudulent,Fraudulent
dataset/AndroidFraudulent/fA_339.png,AndroidFraudulent,android_fraudulent,Fraudulent
dataset/AndroidFraudulent/fA_372.png,AndroidFraudulent,android_fraudulent,Fraudulent
dataset/iOSGenuine/gI_356.JPEG,iOSGenuine,ios_genuine,Genuine
dataset/AndroidFraudulent/fA_199.png,AndroidFraudulent,android_fraudulent,Fraudulent
dataset/iOSGenuine/gI_284.JPEG,iOSGenuine,ios_genuine,Genuine
dataset/AndroidFraudulent/fA_010.png,AndroidFraudulent,android_fraudulent,Fraudulent
dataset/iOSFraudulent/fI_227.png,iOSFraudulent,ios_fraudulent,Fraudulent
dataset/iOSGenuine/gI_103.JPG,iOSGenuine,ios_genuine,Genuine
dataset/AndroidGenuine/gA_179.jpg,AndroidGenuine,android_genuine,Genuine
dataset/iOSFraudulent/fI_146.png,iOSFraudulent,ios_fraudulent,Fraudulent
dataset/iOSFraudulent/fI_228.png,iOSFraudulent,ios_fraudulent,Fraudulent
dataset/AndroidGenuine/gA_300.jfif,AndroidGenuine,android_genuine,Genuine
dataset/iOSFraudulent/fI_350.png,iOSFraudulent,ios_fraudulent,Fraudulent
dataset/iOSFraudulent/fI_103.png,iOSFraudulent,ios_fraudulent,Fraudulent
dataset/AndroidGenuine/gA_266.jfif,AndroidGenuine,android_genuine,Genuine
dataset/iOSFraudulent/fI_234.png,iOSFraudulent,ios_fraudulent,Fraudulent
dataset/AndroidGenuine/gA_227.jpg,AndroidGenuine,android_genuine,Genuine
dataset/iOSFraudulent/fI_053.png,iOSFraudulent,ios_fraudulent,Fraudulent
dataset/AndroidGenuine/gA_268.jpg,AndroidGenuine,android_genuine,Genuine
dataset/iOSGenuine/gI_228.JPEG,iOSGenuine,ios_genuine,Genuine
dataset/iOSGenuine/gI_344.JPEG,iOSGenuine,ios_genuine,Genuine
dataset/AndroidGenuine/gA_394.jpg,AndroidGenuine,android_genuine,Genuine
dataset/AndroidFraudulent/fA_077.png,AndroidFraudulent,android_fraudulent,Fraudulent
dataset/AndroidGenuine/gA_379.jpg,AndroidGenuine,android_genuine,Genuine
dataset/iOSFraudulent/fI_065.png,iOSFraudulent,ios_fraudulent,Fraudulent
dataset/iOSFraudulent/fI_217.png,iOSFraudulent,ios_fraudulent,Fraudulent
dataset/AndroidFraudulent/fA_071.png,AndroidFraudulent,android_fraudulent,Fraudulent
dataset/iOSFraudulent/fI_079.png,iOSFraudulent,ios_fraudulent,Fraudulent
dataset/AndroidGenuine/gA_082.jfif,AndroidGenuine,android_genuine,Genuine
dataset/iOSGenuine/gI_017.PNG,iOSGenuine,ios_genuine,Genuine
dataset/iOSGenuine/gI_086.JPG,iOSGenuine,ios_genuine,Genuine
dataset/AndroidFraudulent/fA_210.png,AndroidFraudulent,android_fraudulent,Fraudulent
dataset/AndroidGenuine/gA_397.jpg,AndroidGenuine,android_genuine,Genuine
dataset/AndroidFraudulent/fA_196.png,AndroidFraudulent,android_fraudulent,Fraudulent
dataset/iOSGenuine/gI_283.JPEG,iOSGenuine,ios_genuine,Genuine
dataset/iOSFraudulent/fI_287.png,iOSFraudulent,ios_fraudulent,Fraudulent
dataset/AndroidFraudulent/fA_257.png,AndroidFraudulent,android_fraudulent,Fraudulent
dataset/AndroidFraudulent/fA_292.png,AndroidFraudulent,android_fraudulent,Fraudulent
dataset/AndroidFraudulent/fA_008.png,AndroidFraudulent,android_fraudulent,Fraudulent
dataset/AndroidGenuine/gA_209.jpg,AndroidGenuine,android_genuine,Genuine
dataset/iOSFraudulent/fI_035.png,iOSFraudulent,ios_fraudulent,Fraudulent
dataset/iOSFraudulent/fI_171.png,iOSFraudulent,ios_fraudulent,Fraudulent
dataset/AndroidGenuine/gA_349.jpg,AndroidGenuine,android_genuine,Genuine
dataset/iOSGenuine/gI_156.PNG,iOSGenuine,ios_genuine,Genuine
dataset/AndroidFraudulent/fA_135.png,AndroidFraudulent,android_fraudulent,Fraudulent
dataset/AndroidGenuine/gA_156.jpg,AndroidGenuine,android_genuine,Genuine
dataset/AndroidGenuine/gA_125.jfif,AndroidGenuine,android_genuine,Genuine
dataset/AndroidFraudulent/fA_197.png,AndroidFraudulent,android_fraudulent,Fraudulent
dataset/iOSFraudulent/fI_229.png,iOSFraudulent,ios_fraudulent,Fraudulent
dataset/iOSFraudulent/fI_235.png,iOSFraudulent,ios_fraudulent,Fraudulent
dataset/AndroidFraudulent/fA_111.png,AndroidFraudulent,android_fraudulent,Fraudulent
dataset/AndroidFraudulent/fA_204.png,AndroidFraudulent,android_fraudulent,Fraudulent
dataset/AndroidGenuine/gA_307.jfif,AndroidGenuine,android_genuine,Genuine
dataset/iOSFraudulent/fI_225.png,iOSFraudulent,ios_fraudulent,Fraudulent
dataset/iOSFraudulent/fI_121.png,iOSFraudulent,ios_fraudulent,Fraudulent
dataset/iOSFraudulent/fI_293.png,iOSFraudulent,ios_fraudulent,Fraudulent
dataset/iOSFraudulent/fI_166.png,iOSFraudulent,ios_fraudulent,Fraudulent
dataset/iOSGenuine/gI_260.JPEG,iOSGenuine,ios_genuine,Genuine
dataset/AndroidGenuine/gA_048.jpg,AndroidGenuine,android_genuine,Genuine
dataset/iOSGenuine/gI_073.jfif,iOSGenuine,ios_genuine,Genuine
dataset/AndroidGenuine/gA_190.jpg,AndroidGenuine,android_genuine,Genuine
dataset/iOSFraudulent/fI_209.png,iOSFraudulent,ios_fraudulent,Fraudulent
dataset/iOSGenuine/gI_070.jfif,iOSGenuine,ios_genuine,Genuine
dataset/AndroidGenuine/gA_039.jpg,AndroidGenuine,android_genuine,Genuine
dataset/AndroidGenuine/gA_080.jfif,AndroidGenuine,android_genuine,Genuine
dataset/AndroidGenuine/gA_178.jpg,AndroidGenuine,android_genuine,Genuine
dataset/AndroidGenuine/gA_040.jpg,AndroidGenuine,android_genuine,Genuine
dataset/AndroidFraudulent/fA_326.png,AndroidFraudulent,android_fraudulent,Fraudulent
dataset/AndroidGenuine/gA_237.jfif,AndroidGenuine,android_genuine,Genuine
dataset/iOSFraudulent/fI_378.png,iOSFraudulent,ios_fraudulent,Fraudulent
dataset/AndroidFraudulent/fA_320.png,AndroidFraudulent,android_fraudulent,Fraudulent
dataset/iOSFraudulent/fI_276.png,iOSFraudulent,ios_fraudulent,Fraudulent
dataset/AndroidFraudulent/fA_302.png,AndroidFraudulent,android_fraudulent,Fraudulent
dataset/AndroidGenuine/gA_090.jfif,AndroidGenuine,android_genuine,Genuine
dataset/iOSFraudulent/fI_086.png,iOSFraudulent,ios_fraudulent,Fraudulent
dataset/iOSGenuine/gI_021.PNG,iOSGenuine,ios_genuine,Genuine
dataset/iOSGenuine/gI_048.PNG,iOSGenuine,ios_genuine,Genuine
dataset/AndroidGenuine/gA_070.jpg,AndroidGenuine,android_genuine,Genuine
dataset/iOSFraudulent/fI_289.png,iOSFraudulent,ios_fraudulent,Fraudulent
dataset/AndroidFraudulent/fA_130.png,AndroidFraudulent,android_fraudulent,Fraudulent
dataset/AndroidGenuine/gA_248.jpg,AndroidGenuine,android_genuine,Genuine
dataset/iOSGenuine/gI_013.PNG,iOSGenuine,ios_genuine,Genuine
dataset/iOSGenuine/gI_117.jfif,iOSGenuine,ios_genuine,Genuine
dataset/iOSFraudulent/fI_091.png,iOSFraudulent,ios_fraudulent,Fraudulent
dataset/iOSGenuine/gI_265.JPEG,iOSGenuine,ios_genuine,Genuine
dataset/iOSGenuine/gI_105.JPG,iOSGenuine,ios_genuine,Genuine
dataset/AndroidGenuine/gA_226.jpg,AndroidGenuine,android_genuine,Genuine
dataset/AndroidGenuine/gA_151.jfif,AndroidGenuine,android_genuine,Genuine
dataset/iOSGenuine/gI_214.JPEG,iOSGenuine,ios_genuine,Genuine
dataset/iOSGenuine/gI_005.PNG,iOSGenuine,ios_genuine,Genuine
dataset/AndroidGenuine/gA_161.jfif,AndroidGenuine,android_genuine,Genuine
dataset/AndroidGenuine/gA_098.jfif,AndroidGenuine,android_genuine,Genuine
dataset/AndroidFraudulent/fA_357.png,AndroidFraudulent,android_fraudulent,Fraudulent
dataset/AndroidGenuine/gA_011.jpg,AndroidGenuine,android_genuine,Genuine
dataset/iOSFraudulent/fI_177.png,iOSFraudulent,ios_fraudulent,Fraudulent
dataset/AndroidGenuine/gA_287.jfif,AndroidGenuine,android_genuine,Genuine
dataset/iOSGenuine/gI_180.JPEG,iOSGenuine,ios_genuine,Genuine
dataset/AndroidFraudulent/fA_301.png,AndroidFraudulent,android_fraudulent,Fraudulent
dataset/iOSFraudulent/fI_055.png,iOSFraudulent,ios_fraudulent,Fraudulent
dataset/AndroidFraudulent/fA_126.png,AndroidFraudulent,android_fraudulent,Fraudulent
dataset/AndroidFraudulent/fA_293.png,AndroidFraudulent,android_fraudulent,Fraudulent
dataset/AndroidFraudulent/fA_395.png,AndroidFraudulent,android_fraudulent,Fraudulent
dataset/iOSGenuine/gI_204.JPEG,iOSGenuine,ios_genuine,Genuine
dataset/iOSFraudulent/fI_291.png,iOSFraudulent,ios_fraudulent,Fraudulent
dataset/iOSFraudulent/fI_301.png,iOSFraudulent,ios_fraudulent,Fraudulent
dataset/iOSFraudulent/fI_172.png,iOSFraudulent,ios_fraudulent,Fraudulent
dataset/AndroidGenuine/gA_091.jfif,AndroidGenuine,android_genuine,Genuine
dataset/AndroidGenuine/gA_375.jpg,AndroidGenuine,android_genuine,Genuine
dataset/AndroidFraudulent/fA_028.png,AndroidFraudulent,android_fraudulent,Fraudulent
dataset/iOSGenuine/gI_124.JPEG,iOSGenuine,ios_genuine,Genuine
dataset/iOSGenuine/gI_129.PNG,iOSGenuine,ios_genuine,Genuine
dataset/iOSFraudulent/fI_316.png,iOSFraudulent,ios_fraudulent,Fraudulent
dataset/iOSFraudulent/fI_376.png,iOSFraudulent,ios_fraudulent,Fraudulent
dataset/iOSFraudulent/fI_270.png,iOSFraudulent,ios_fraudulent,Fraudulent
dataset/iOSFraudulent/fI_176.png,iOSFraudulent,ios_fraudulent,Fraudulent
dataset/AndroidGenuine/gA_202.jfif,AndroidGenuine,android_genuine,Genuine
dataset/iOSFraudulent/fI_067.png,iOSFraudulent,ios_fraudulent,Fraudulent
dataset/iOSGenuine/gI_206.JPEG,iOSGenuine,ios_genuine,Genuine
dataset/AndroidGenuine/gA_351.jpg,AndroidGenuine,android_genuine,Genuine
dataset/AndroidFraudulent/fA_366.png,AndroidFraudulent,android_fraudulent,Fraudulent
dataset/AndroidFraudulent/fA_045.png,AndroidFraudulent,android_fraudulent,Fraudulent
dataset/iOSFraudulent/fI_396.png,iOSFraudulent,ios_fraudulent,Fraudulent
dataset/AndroidGenuine/gA_329.jpg,AndroidGenuine,android_genuine,Genuine
dataset/AndroidGenuine/gA_059.jpg,AndroidGenuine,android_genuine,Genuine
dataset/AndroidGenuine/gA_194.jpg,AndroidGenuine,android_genuine,Genuine
dataset/AndroidGenuine/gA_085.jfif,AndroidGenuine,android_genuine,Genuine
dataset/AndroidFraudulent/fA_279.png,AndroidFraudulent,android_fraudulent,Fraudulent
dataset/AndroidFraudulent/fA_281.png,AndroidFraudulent,android_fraudulent,Fraudulent
dataset/AndroidGenuine/gA_289.jfif,AndroidGenuine,android_genuine,Genuine
dataset/AndroidGenuine/gA_253.jpg,AndroidGenuine,android_genuine,Genuine
dataset/AndroidFraudulent/fA_118.png,AndroidFraudulent,android_fraudulent,Fraudulent
dataset/AndroidGenuine/gA_169.jfif,AndroidGenuine,android_genuine,Genuine
dataset/iOSGenuine/gI_006.PNG,iOSGenuine,ios_genuine,Genuine
dataset/iOSFraudulent/fI_214.png,iOSFraudulent,ios_fraudulent,Fraudulent
dataset/iOSGenuine/gI_197.JPEG,iOSGenuine,ios_genuine,Genuine
dataset/iOSGenuine/gI_127.PNG,iOSGenuine,ios_genuine,Genuine
dataset/iOSGenuine/gI_286.JPEG,iOSGenuine,ios_genuine,Genuine
dataset/iOSFraudulent/fI_181.png,iOSFraudulent,ios_fraudulent,Fraudulent
dataset/AndroidGenuine/gA_274.jpg,AndroidGenuine,android_genuine,Genuine
dataset/AndroidGenuine/gA_361.jpg,AndroidGenuine,android_genuine,Genuine
dataset/AndroidGenuine/gA_160.jfif,AndroidGenuine,android_genuine,Genuine
dataset/iOSFraudulent/fI_366.png,iOSFraudulent,ios_fraudulent,Fraudulent
dataset/AndroidGenuine/gA_187.jfif,AndroidGenuine,android_genuine,Genuine
dataset/iOSGenuine/gI_188.JPEG,iOSGenuine,ios_genuine,Genuine
dataset/AndroidFraudulent/fA_042.png,AndroidFraudulent,android_fraudulent,Fraudulent
dataset/AndroidFraudulent/fA_283.png,AndroidFraudulent,android_fraudulent,Fraudulent
dataset/AndroidFraudulent/fA_041.png,AndroidFraudulent,android_fraudulent,Fraudulent
dataset/AndroidGenuine/gA_201.jfif,AndroidGenuine,android_genuine,Genuine
dataset/AndroidFraudulent/fA_177.png,AndroidFraudulent,android_fraudulent,Fraudulent
dataset/iOSGenuine/gI_362.JPEG,iOSGenuine,ios_genuine,Genuine
dataset/iOSFraudulent/fI_021.png,iOSFraudulent,ios_fraudulent,Fraudulent
dataset/iOSFraudulent/fI_057.png,iOSFraudulent,ios_fraudulent,Fraudulent
dataset/AndroidFraudulent/fA_300.png,AndroidFraudulent,android_fraudulent,Fraudulent
dataset/iOSFraudulent/fI_138.png,iOSFraudulent,ios_fraudulent,Fraudulent
dataset/iOSGenuine/gI_176.JPEG,iOSGenuine,ios_genuine,Genuine
dataset/iOSGenuine/gI_355.JPEG,iOSGenuine,ios_genuine,Genuine
dataset/iOSGenuine/gI_400.PNG,iOSGenuine,ios_genuine,Genuine
dataset/iOSGenuine/gI_364.JPEG,iOSGenuine,ios_genuine,Genuine
dataset/AndroidFraudulent/fA_353.png,AndroidFraudulent,android_fraudulent,Fraudulent
dataset/iOSGenuine/gI_316.JPEG,iOSGenuine,ios_genuine,Genuine
dataset/AndroidFraudulent/fA_093.png,AndroidFraudulent,android_fraudulent,Fraudulent
dataset/AndroidFraudulent/fA_274.png,AndroidFraudulent,android_fraudulent,Fraudulent
dataset/iOSFraudulent/fI_194.png,iOSFraudulent,ios_fraudulent,Fraudulent
dataset/AndroidGenuine/gA_220.jpg,AndroidGenuine,android_genuine,Genuine
dataset/AndroidGenuine/gA_388.jpg,AndroidGenuine,android_genuine,Genuine
dataset/iOSGenuine/gI_130.PNG,iOSGenuine,ios_genuine,Genuine
dataset/AndroidFraudulent/fA_110.png,AndroidFraudulent,android_fraudulent,Fraudulent
dataset/AndroidGenuine/gA_107.jfif,AndroidGenuine,android_genuine,Genuine
dataset/AndroidGenuine/gA_359.jpg,AndroidGenuine,android_genuine,Genuine
dataset/iOSFraudulent/fI_325.png,iOSFraudulent,ios_fraudulent,Fraudulent
dataset/AndroidFraudulent/fA_142.jpg,AndroidFraudulent,android_fraudulent,Fraudulent
dataset/iOSGenuine/gI_330.JPEG,iOSGenuine,ios_genuine,Genuine
dataset/iOSFraudulent/fI_224.png,iOSFraudulent,ios_fraudulent,Fraudulent
dataset/AndroidFraudulent/fA_367.png,AndroidFraudulent,android_fraudulent,Fraudulent
dataset/iOSFraudulent/fI_219.png,iOSFraudulent,ios_fraudulent,Fraudulent
dataset/AndroidGenuine/gA_061.jpg,AndroidGenuine,android_genuine,Genuine
dataset/iOSGenuine/gI_375.jpg,iOSGenuine,ios_genuine,Genuine
dataset/iOSGenuine/gI_191.JPEG,iOSGenuine,ios_genuine,Genuine
dataset/iOSGenuine/gI_038.PNG,iOSGenuine,ios_genuine,Genuine
dataset/AndroidFraudulent/fA_037.png,AndroidFraudulent,android_fraudulent,Fraudulent
dataset/AndroidGenuine/gA_150.jfif,AndroidGenuine,android_genuine,Genuine
dataset/AndroidFraudulent/fA_167.png,AndroidFraudulent,android_fraudulent,Fraudulent
dataset/iOSGenuine/gI_157.PNG,iOSGenuine,ios_genuine,Genuine
dataset/AndroidGenuine/gA_309.jfif,AndroidGenuine,android_genuine,Genuine
dataset/iOSGenuine/gI_023.PNG,iOSGenuine,ios_genuine,Genuine
dataset/iOSGenuine/gI_216.JPEG,iOSGenuine,ios_genuine,Genuine
dataset/iOSGenuine/gI_358.JPEG,iOSGenuine,ios_genuine,Genuine
dataset/iOSFraudulent/fI_159.png,iOSFraudulent,ios_fraudulent,Fraudulent
dataset/iOSGenuine/gI_056.jpg,iOSGenuine,ios_genuine,Genuine
dataset/iOSGenuine/gI_125.JPEG,iOSGenuine,ios_genuine,Genuine
dataset/iOSGenuine/gI_161.PNG,iOSGenuine,ios_genuine,Genuine
dataset/AndroidFraudulent/fA_288.png,AndroidFraudulent,android_fraudulent,Fraudulent
dataset/iOSFraudulent/fI_392.png,iOSFraudulent,ios_fraudulent,Fraudulent
dataset/iOSFraudulent/fI_180.png,iOSFraudulent,ios_fraudulent,Fraudulent
dataset/iOSGenuine/gI_163.PNG,iOSGenuine,ios_genuine,Genuine
dataset/AndroidGenuine/gA_383.jpg,AndroidGenuine,android_genuine,Genuine
dataset/iOSFraudulent/fI_386.png,iOSFraudulent,ios_fraudulent,Fraudulent
dataset/iOSGenuine/gI_081.jfif,iOSGenuine,ios_genuine,Genuine
dataset/AndroidGenuine/gA_046.jfif,AndroidGenuine,android_genuine,Genuine
dataset/iOSGenuine/gI_074.jfif,iOSGenuine,ios_genuine,Genuine
dataset/AndroidGenuine/gA_055.jpg,AndroidGenuine,android_genuine,Genuine
dataset/AndroidFraudulent/fA_023.png,AndroidFraudulent,android_fraudulent,Fraudulent
dataset/iOSGenuine/gI_080.jfif,iOSGenuine,ios_genuine,Genuine
dataset/AndroidFraudulent/fA_214.png,AndroidFraudulent,android_fraudulent,Fraudulent
dataset/iOSGenuine/gI_158.PNG,iOSGenuine,ios_genuine,Genuine
dataset/AndroidFraudulent/fA_054.png,AndroidFraudulent,android_fraudulent,Fraudulent
dataset/iOSGenuine/gI_354.JPEG,iOSGenuine,ios_genuine,Genuine
dataset/iOSFraudulent/fI_097.png,iOSFraudulent,ios_fraudulent,Fraudulent
dataset/AndroidGenuine/gA_027.jpg,AndroidGenuine,android_genuine,Genuine
dataset/AndroidGenuine/gA_324.jpg,AndroidGenuine,android_genuine,Genuine
dataset/iOSFraudulent/fI_112.png,iOSFraudulent,ios_fraudulent,Fraudulent
dataset/iOSFraudulent/fI_077.png,iOSFraudulent,ios_fraudulent,Fraudulent
dataset/iOSFraudulent/fI_285.png,iOSFraudulent,ios_fraudulent,Fraudulent
dataset/AndroidGenuine/gA_305.jfif,AndroidGenuine,android_genuine,Genuine
dataset/AndroidGenuine/gA_213.jpg,AndroidGenuine,android_genuine,Genuine
dataset/AndroidGenuine/gA_306.jfif,AndroidGenuine,android_genuine,Genuine
dataset/AndroidFraudulent/fA_129.png,AndroidFraudulent,android_fraudulent,Fraudulent
dataset/AndroidFraudulent/fA_035.png,AndroidFraudulent,android_fraudulent,Fraudulent
dataset/iOSFraudulent/fI_156.png,iOSFraudulent,ios_fraudulent,Fraudulent
dataset/iOSFraudulent/fI_081.png,iOSFraudulent,ios_fraudulent,Fraudulent
dataset/iOSFraudulent/fI_136.png,iOSFraudulent,ios_fraudulent,Fraudulent
dataset/iOSGenuine/gI_205.JPEG,iOSGenuine,ios_genuine,Genuine
dataset/iOSFraudulent/fI_118.png,iOSFraudulent,ios_fraudulent,Fraudulent
dataset/AndroidFraudulent/fA_381.png,AndroidFraudulent,android_fraudulent,Fraudulent
dataset/AndroidFraudulent/fA_307.png,AndroidFraudulent,android_fraudulent,Fraudulent
dataset/AndroidGenuine/gA_208.jpg,AndroidGenuine,android_genuine,Genuine
dataset/iOSFraudulent/fI_307.png,iOSFraudulent,ios_fraudulent,Fraudulent
dataset/AndroidGenuine/gA_132.jfif,AndroidGenuine,android_genuine,Genuine
dataset/iOSGenuine/gI_181.JPEG,iOSGenuine,ios_genuine,Genuine
dataset/AndroidFraudulent/fA_128.png,AndroidFraudulent,android_fraudulent,Fraudulent
dataset/iOSGenuine/gI_185.JPEG,iOSGenuine,ios_genuine,Genuine
dataset/AndroidGenuine/gA_004.jpg,AndroidGenuine,android_genuine,Genuine
dataset/AndroidFraudulent/fA_217.png,AndroidFraudulent,android_fraudulent,Fraudulent
dataset/iOSFraudulent/fI_213.png,iOSFraudulent,ios_fraudulent,Fraudulent
dataset/AndroidFraudulent/fA_225.png,AndroidFraudulent,android_fraudulent,Fraudulent
dataset/iOSGenuine/gI_092.JPG,iOSGenuine,ios_genuine,Genuine
dataset/iOSFraudulent/fI_246.png,iOSFraudulent,ios_fraudulent,Fraudulent
dataset/AndroidGenuine/gA_068.jpg,AndroidGenuine,android_genuine,Genuine
dataset/AndroidGenuine/gA_032.jpg,AndroidGenuine,android_genuine,Genuine
dataset/iOSFraudulent/fI_142.png,iOSFraudulent,ios_fraudulent,Fraudulent
dataset/iOSGenuine/gI_254.JPEG,iOSGenuine,ios_genuine,Genuine
dataset/AndroidFraudulent/fA_324.png,AndroidFraudulent,android_fraudulent,Fraudulent
dataset/AndroidFraudulent/fA_109.png,AndroidFraudulent,android_fraudulent,Fraudulent
dataset/iOSFraudulent/fI_196.png,iOSFraudulent,ios_fraudulent,Fraudulent
dataset/AndroidGenuine/gA_131.jfif,AndroidGenuine,android_genuine,Genuine
dataset/iOSGenuine/gI_186.JPEG,iOSGenuine,ios_genuine,Genuine
dataset/AndroidGenuine/gA_025.jpg,AndroidGenuine,android_genuine,Genuine
dataset/iOSFraudulent/fI_367.png,iOSFraudulent,ios_fraudulent,Fraudulent
dataset/AndroidGenuine/gA_185.jfif,AndroidGenuine,android_genuine,Genuine
dataset/iOSGenuine/gI_119.JPEG,iOSGenuine,ios_genuine,Genuine
dataset/AndroidFraudulent/fA_144.jpg,AndroidFraudulent,android_fraudulent,Fraudulent
dataset/iOSGenuine/gI_084.JPG,iOSGenuine,ios_genuine,Genuine
dataset/iOSFraudulent/fI_152.png,iOSFraudulent,ios_fraudulent,Fraudulent
dataset/AndroidGenuine/gA_189.jpg,AndroidGenuine,android_genuine,Genuine
dataset/iOSGenuine/gI_016.PNG,iOSGenuine,ios_genuine,Genuine
dataset/AndroidFraudulent/fA_086.png,AndroidFraudulent,android_fraudulent,Fraudulent
dataset/AndroidGenuine/gA_336.jpg,AndroidGenuine,android_genuine,Genuine
dataset/iOSFraudulent/fI_032.png,iOSFraudulent,ios_fraudulent,Fraudulent
dataset/AndroidGenuine/gA_236.jfif,AndroidGenuine,android_genuine,Genuine
dataset/iOSGenuine/gI_240.JPEG,iOSGenuine,ios_genuine,Genuine
dataset/iOSFraudulent/fI_362.png,iOSFraudulent,ios_fraudulent,Fraudulent
dataset/AndroidGenuine/gA_172.jfif,AndroidGenuine,android_genuine,Genuine
dataset/iOSGenuine/gI_031.PNG,iOSGenuine,ios_genuine,Genuine
dataset/AndroidGenuine/gA_140.jfif,AndroidGenuine,android_genuine,Genuine
dataset/iOSGenuine/gI_367.JPEG,iOSGenuine,ios_genuine,Genuine
dataset/iOSGenuine/gI_298.jpg,iOSGenuine,ios_genuine,Genuine
dataset/iOSFraudulent/fI_377.png,iOSFraudulent,ios_fraudulent,Fraudulent
dataset/iOSFraudulent/fI_263.png,iOSFraudulent,ios_fraudulent,Fraudulent
dataset/AndroidFraudulent/fA_237.png,AndroidFraudulent,android_fraudulent,Fraudulent
dataset/iOSFraudulent/fI_025.png,iOSFraudulent,ios_fraudulent,Fraudulent
dataset/iOSFraudulent/fI_042.png,iOSFraudulent,ios_fraudulent,Fraudulent
dataset/iOSGenuine/gI_076.jfif,iOSGenuine,ios_genuine,Genuine
dataset/AndroidGenuine/gA_174.jfif,AndroidGenuine,android_genuine,Genuine
dataset/iOSGenuine/gI_142.PNG,iOSGenuine,ios_genuine,Genuine
dataset/AndroidFraudulent/fA_340.png,AndroidFraudulent,android_fraudulent,Fraudulent
dataset/AndroidGenuine/gA_162.jfif,AndroidGenuine,android_genuine,Genuine
dataset/iOSFraudulent/fI_259.png,iOSFraudulent,ios_fraudulent,Fraudulent
dataset/AndroidFraudulent/fA_242.png,AndroidFraudulent,android_fraudulent,Fraudulent
dataset/AndroidFraudulent/fA_038.png,AndroidFraudulent,android_fraudulent,Fraudulent
dataset/AndroidFraudulent/fA_067.png,AndroidFraudulent,android_fraudulent,Fraudulent
dataset/iOSFraudulent/fI_305.png,iOSFraudulent,ios_fraudulent,Fraudulent
dataset/iOSFraudulent/fI_154.png,iOSFraudulent,ios_fraudulent,Fraudulent
dataset/iOSFraudulent/fI_239.png,iOSFraudulent,ios_fraudulent,Fraudulent
dataset/iOSFraudulent/fI_124.png,iOSFraudulent,ios_fraudulent,Fraudulent
dataset/AndroidGenuine/gA_298.jfif,AndroidGenuine,android_genuine,Genuine
dataset/iOSGenuine/gI_309.JPEG,iOSGenuine,ios_genuine,Genuine
dataset/iOSFraudulent/fI_238.png,iOSFraudulent,ios_fraudulent,Fraudulent
dataset/iOSFraudulent/fI_037.png,iOSFraudulent,ios_fraudulent,Fraudulent
dataset/iOSFraudulent/fI_255.png,iOSFraudulent,ios_fraudulent,Fraudulent
dataset/AndroidGenuine/gA_342.jpg,AndroidGenuine,android_genuine,Genuine
dataset/iOSFraudulent/fI_117.png,iOSFraudulent,ios_fraudulent,Fraudulent
dataset/AndroidFraudulent/fA_193.png,AndroidFraudulent,android_fraudulent,Fraudulent
dataset/iOSGenuine/gI_098.JPG,iOSGenuine,ios_genuine,Genuine
dataset/iOSFraudulent/fI_105.png,iOSFraudulent,ios_fraudulent,Fraudulent
dataset/iOSGenuine/gI_153.PNG,iOSGenuine,ios_genuine,Genuine
dataset/iOSGenuine/gI_347.JPEG,iOSGenuine,ios_genuine,Genuine
dataset/AndroidFraudulent/fA_097.png,AndroidFraudulent,android_fraudulent,Fraudulent
dataset/AndroidFraudulent/fA_070.png,AndroidFraudulent,android_fraudulent,Fraudulent
dataset/AndroidFraudulent/fA_203.png,AndroidFraudulent,android_fraudulent,Fraudulent
dataset/AndroidFraudulent/fA_280.png,AndroidFraudulent,android_fraudulent,Fraudulent
dataset/iOSFraudulent/fI_158.png,iOSFraudulent,ios_fraudulent,Fraudulent
dataset/AndroidGenuine/gA_186.jfif,AndroidGenuine,android_genuine,Genuine
dataset/AndroidGenuine/gA_119.jfif,AndroidGenuine,android_genuine,Genuine
dataset/iOSGenuine/gI_217.JPEG,iOSGenuine,ios_genuine,Genuine
dataset/iOSFraudulent/fI_010.png,iOSFraudulent,ios_fraudulent,Fraudulent
dataset/AndroidFraudulent/fA_332.png,AndroidFraudulent,android_fraudulent,Fraudulent
dataset/AndroidGenuine/gA_026.jpg,AndroidGenuine,android_genuine,Genuine
dataset/AndroidFraudulent/fA_245.png,AndroidFraudulent,android_fraudulent,Fraudulent
dataset/iOSFraudulent/fI_186.png,iOSFraudulent,ios_fraudulent,Fraudulent
dataset/iOSFraudulent/fI_054.png,iOSFraudulent,ios_fraudulent,Fraudulent
dataset/iOSGenuine/gI_398.jpg,iOSGenuine,ios_genuine,Genuine
dataset/AndroidFraudulent/fA_376.png,AndroidFraudulent,android_fraudulent,Fraudulent
dataset/AndroidGenuine/gA_111.jfif,AndroidGenuine,android_genuine,Genuine
dataset/AndroidGenuine/gA_391.jpg,AndroidGenuine,android_genuine,Genuine
dataset/AndroidFraudulent/fA_007.png,AndroidFraudulent,android_fraudulent,Fraudulent
dataset/AndroidFraudulent/fA_114.png,AndroidFraudulent,android_fraudulent,Fraudulent
dataset/iOSGenuine/gI_198.JPEG,iOSGenuine,ios_genuine,Genuine
dataset/AndroidFraudulent/fA_182.png,AndroidFraudulent,android_fraudulent,Fraudulent
dataset/AndroidGenuine/gA_030.jpg,AndroidGenuine,android_genuine,Genuine
dataset/AndroidGenuine/gA_184.jpg,AndroidGenuine,android_genuine,Genuine
dataset/AndroidFraudulent/fA_285.png,AndroidFraudulent,android_fraudulent,Fraudulent
dataset/iOSGenuine/gI_352.JPEG,iOSGenuine,ios_genuine,Genuine
dataset/iOSGenuine/gI_187.JPEG,iOSGenuine,ios_genuine,Genuine
dataset/AndroidFraudulent/fA_074.png,AndroidFraudulent,android_fraudulent,Fraudulent
dataset/iOSGenuine/gI_383.jpg,iOSGenuine,ios_genuine,Genuine
dataset/AndroidFraudulent/fA_218.png,AndroidFraudulent,android_fraudulent,Fraudulent
dataset/AndroidFraudulent/fA_254.png,AndroidFraudulent,android_fraudulent,Fraudulent
dataset/iOSFraudulent/fI_106.png,iOSFraudulent,ios_fraudulent,Fraudulent
dataset/iOSGenuine/gI_304.JPEG,iOSGenuine,ios_genuine,Genuine
dataset/iOSGenuine/gI_326.JPEG,iOSGenuine,ios_genuine,Genuine
dataset/iOSGenuine/gI_085.JPG,iOSGenuine,ios_genuine,Genuine
dataset/iOSFraudulent/fI_080.png,iOSFraudulent,ios_fraudulent,Fraudulent
dataset/AndroidGenuine/gA_203.jpg,AndroidGenuine,android_genuine,Genuine
dataset/iOSGenuine/gI_088.JPG,iOSGenuine,ios_genuine,Genuine
dataset/iOSGenuine/gI_123.JPEG,iOSGenuine,ios_genuine,Genuine
dataset/iOSFraudulent/fI_098.png,iOSFraudulent,ios_fraudulent,Fraudulent
dataset/AndroidFraudulent/fA_159.png,AndroidFraudulent,android_fraudulent,Fraudulent
dataset/iOSFraudulent/fI_200.jpg,iOSFraudulent,ios_fraudulent,Fraudulent
dataset/iOSFraudulent/fI_244.png,iOSFraudulent,ios_fraudulent,Fraudulent
dataset/AndroidGenuine/gA_008.jpg,AndroidGenuine,android_genuine,Genuine
dataset/AndroidFraudulent/fA_062.png,AndroidFraudulent,android_fraudulent,Fraudulent
dataset/iOSFraudulent/fI_297.jpg,iOSFraudulent,ios_fraudulent,Fraudulent
dataset/AndroidFraudulent/fA_149.jpg,AndroidFraudulent,android_fraudulent,Fraudulent
dataset/AndroidFraudulent/fA_006.png,AndroidFraudulent,android_fraudulent,Fraudulent
dataset/iOSGenuine/gI_202.JPEG,iOSGenuine,ios_genuine,Genuine
dataset/AndroidFraudulent/fA_223.png,AndroidFraudulent,android_fraudulent,Fraudulent
dataset/AndroidFraudulent/fA_259.png,AndroidFraudulent,android_fraudulent,Fraudulent
dataset/iOSGenuine/gI_325.JPEG,iOSGenuine,ios_genuine,Genuine
dataset/AndroidGenuine/gA_343.jpg,AndroidGenuine,android_genuine,Genuine
dataset/iOSFraudulent/fI_269.png,iOSFraudulent,ios_fraudulent,Fraudulent
dataset/iOSGenuine/gI_035.PNG,iOSGenuine,ios_genuine,Genuine
dataset/iOSGenuine/gI_075.jfif,iOSGenuine,ios_genuine,Genuine
dataset/AndroidGenuine/gA_233.jfif,AndroidGenuine,android_genuine,Genuine
dataset/iOSFraudulent/fI_339.png,iOSFraudulent,ios_fraudulent,Fraudulent
dataset/AndroidGenuine/gA_109.jfif,AndroidGenuine,android_genuine,Genuine
dataset/AndroidFraudulent/fA_390.png,AndroidFraudulent,android_fraudulent,Fraudulent
dataset/AndroidGenuine/gA_154.jfif,AndroidGenuine,android_genuine,Genuine
dataset/AndroidGenuine/gA_181.jfif,AndroidGenuine,android_genuine,Genuine
dataset/AndroidGenuine/gA_037.jpg,AndroidGenuine,android_genuine,Genuine
dataset/iOSGenuine/gI_133.PNG,iOSGenuine,ios_genuine,Genuine
dataset/AndroidFraudulent/fA_358.png,AndroidFraudulent,android_fraudulent,Fraudulent
dataset/AndroidFraudulent/fA_134.png,AndroidFraudulent,android_fraudulent,Fraudulent
dataset/iOSGenuine/gI_083.jfif,iOSGenuine,ios_genuine,Genuine
dataset/AndroidFraudulent/fA_019.png,AndroidFraudulent,android_fraudulent,Fraudulent
dataset/AndroidFraudulent/fA_075.png,AndroidFraudulent,android_fraudulent,Fraudulent
dataset/AndroidFraudulent/fA_207.png,AndroidFraudulent,android_fraudulent,Fraudulent
dataset/AndroidGenuine/gA_247.jpg,AndroidGenuine,android_genuine,Genuine
dataset/AndroidFraudulent/fA_270.png,AndroidFraudulent,android_fraudulent,Fraudulent
dataset/AndroidGenuine/gA_381.jpg,AndroidGenuine,android_genuine,Genuine
dataset/iOSFraudulent/fI_390.png,iOSFraudulent,ios_fraudulent,Fraudulent
dataset/iOSFraudulent/fI_058.png,iOSFraudulent,ios_fraudulent,Fraudulent
dataset/AndroidFraudulent/fA_025.png,AndroidFraudulent,android_fraudulent,Fraudulent
dataset/iOSGenuine/gI_122.JPEG,iOSGenuine,ios_genuine,Genuine
dataset/AndroidFraudulent/fA_125.png,AndroidFraudulent,android_fraudulent,Fraudulent
dataset/AndroidGenuine/gA_382.jpg,AndroidGenuine,android_genuine,Genuine
dataset/iOSFraudulent/fI_231.png,iOSFraudulent,ios_fraudulent,Fraudulent
dataset/AndroidGenuine/gA_033.jpg,AndroidGenuine,android_genuine,Genuine
dataset/iOSGenuine/gI_331.JPEG,iOSGenuine,ios_genuine,Genuine
dataset/AndroidFraudulent/fA_063.png,AndroidFraudulent,android_fraudulent,Fraudulent
dataset/AndroidGenuine/gA_056.jpg,AndroidGenuine,android_genuine,Genuine
dataset/iOSFraudulent/fI_167.png,iOSFraudulent,ios_fraudulent,Fraudulent
dataset/AndroidFraudulent/fA_027.png,AndroidFraudulent,android_fraudulent,Fraudulent
dataset/iOSGenuine/gI_296.JPEG,iOSGenuine,ios_genuine,Genuine
dataset/AndroidFraudulent/fA_306.png,AndroidFraudulent,android_fraudulent,Fraudulent
dataset/iOSGenuine/gI_294.jpg,iOSGenuine,ios_genuine,Genuine
dataset/iOSFraudulent/fI_221.png,iOSFraudulent,ios_fraudulent,Fraudulent
dataset/iOSFraudulent/fI_104.png,iOSFraudulent,ios_fraudulent,Fraudulent
dataset/iOSGenuine/gI_278.JPEG,iOSGenuine,ios_genuine,Genuine
dataset/AndroidGenuine/gA_249.jpg,AndroidGenuine,android_genuine,Genuine
dataset/AndroidGenuine/gA_062.jpg,AndroidGenuine,android_genuine,Genuine
dataset/AndroidFraudulent/fA_123.png,AndroidFraudulent,android_fraudulent,Fraudulent
dataset/AndroidFraudulent/fA_364.png,AndroidFraudulent,android_fraudulent,Fraudulent
dataset/AndroidFraudulent/fA_057.png,AndroidFraudulent,android_fraudulent,Fraudulent
dataset/AndroidFraudulent/fA_162.png,AndroidFraudulent,android_fraudulent,Fraudulent
dataset/AndroidFraudulent/fA_328.png,AndroidFraudulent,android_fraudulent,Fraudulent
dataset/AndroidFraudulent/fA_082.png,AndroidFraudulent,android_fraudulent,Fraudulent
dataset/iOSFraudulent/fI_149.png,iOSFraudulent,ios_fraudulent,Fraudulent
dataset/iOSFraudulent/fI_004.png,iOSFraudulent,ios_fraudulent,Fraudulent
dataset/AndroidFraudulent/fA_031.png,AndroidFraudulent,android_fraudulent,Fraudulent
dataset/iOSGenuine/gI_068.jfif,iOSGenuine,ios_genuine,Genuine
dataset/AndroidFraudulent/fA_208.png,AndroidFraudulent,android_fraudulent,Fraudulent
dataset/AndroidGenuine/gA_094.jfif,AndroidGenuine,android_genuine,Genuine
dataset/iOSGenuine/gI_003.PNG,iOSGenuine,ios_genuine,Genuine
dataset/AndroidGenuine/gA_395.jpg,AndroidGenuine,android_genuine,Genuine
dataset/iOSGenuine/gI_115.JPG,iOSGenuine,ios_genuine,Genuine
dataset/iOSFraudulent/fI_271.png,iOSFraudulent,ios_fraudulent,Fraudulent
dataset/AndroidGenuine/gA_014.jpg,AndroidGenuine,android_genuine,Genuine
dataset/iOSGenuine/gI_154.PNG,iOSGenuine,ios_genuine,Genuine
dataset/iOSGenuine/gI_250.jpg,iOSGenuine,ios_genuine,Genuine
dataset/iOSFraudulent/fI_375.png,iOSFraudulent,ios_fraudulent,Fraudulent
dataset/iOSGenuine/gI_315.JPEG,iOSGenuine,ios_genuine,Genuine
dataset/AndroidGenuine/gA_072.jpg,AndroidGenuine,android_genuine,Genuine
dataset/iOSGenuine/gI_259.JPEG,iOSGenuine,ios_genuine,Genuine
dataset/AndroidGenuine/gA_013.jpg,AndroidGenuine,android_genuine,Genuine
dataset/AndroidGenuine/gA_096.jfif,AndroidGenuine,android_genuine,Genuine
dataset/AndroidFraudulent/fA_101.png,AndroidFraudulent,android_fraudulent,Fraudulent
dataset/AndroidGenuine/gA_366.jpg,AndroidGenuine,android_genuine,Genuine
dataset/AndroidGenuine/gA_123.jfif,AndroidGenuine,android_genuine,Genuine
dataset/iOSFraudulent/fI_076.png,iOSFraudulent,ios_fraudulent,Fraudulent
dataset/AndroidFraudulent/fA_391.png,AndroidFraudulent,android_fraudulent,Fraudulent
dataset/iOSGenuine/gI_066.jfif,iOSGenuine,ios_genuine,Genuine
dataset/iOSFraudulent/fI_045.png,iOSFraudulent,ios_fraudulent,Fraudulent
dataset/iOSFraudulent/fI_038.png,iOSFraudulent,ios_fraudulent,Fraudulent
dataset/iOSFraudulent/fI_273.png,iOSFraudulent,ios_fraudulent,Fraudulent
dataset/iOSGenuine/gI_236.JPEG,iOSGenuine,ios_genuine,Genuine
dataset/AndroidGenuine/gA_389.jpg,AndroidGenuine,android_genuine,Genuine
dataset/AndroidGenuine/gA_031.jpg,AndroidGenuine,android_genuine,Genuine
dataset/AndroidFraudulent/fA_046.png,AndroidFraudulent,android_fraudulent,Fraudulent
dataset/iOSFraudulent/fI_353.png,iOSFraudulent,ios_fraudulent,Fraudulent
dataset/AndroidFraudulent/fA_061.png,AndroidFraudulent,android_fraudulent,Fraudulent
dataset/AndroidGenuine/gA_188.jfif,AndroidGenuine,android_genuine,Genuine
dataset/AndroidFraudulent/fA_026.png,AndroidFraudulent,android_fraudulent,Fraudulent
dataset/AndroidFraudulent/fA_146.jpg,AndroidFraudulent,android_fraudulent,Fraudulent
dataset/AndroidGenuine/gA_258.jpg,AndroidGenuine,android_genuine,Genuine
dataset/iOSGenuine/gI_201.JPEG,iOSGenuine,ios_genuine,Genuine
dataset/iOSGenuine/gI_065.jfif,iOSGenuine,ios_genuine,Genuine
dataset/iOSGenuine/gI_150.PNG,iOSGenuine,ios_genuine,Genuine
dataset/AndroidGenuine/gA_234.jfif,AndroidGenuine,android_genuine,Genuine
dataset/iOSGenuine/gI_033.PNG,iOSGenuine,ios_genuine,Genuine
dataset/AndroidGenuine/gA_270.jpg,AndroidGenuine,android_genuine,Genuine
dataset/iOSFraudulent/fI_204.png,iOSFraudulent,ios_fraudulent,Fraudulent
dataset/AndroidGenuine/gA_017.jpg,AndroidGenuine,android_genuine,Genuine
dataset/iOSGenuine/gI_050.PNG,iOSGenuine,ios_genuine,Genuine
dataset/iOSGenuine/gI_014.PNG,iOSGenuine,ios_genuine,Genuine
dataset/AndroidFraudulent/fA_117.png,AndroidFraudulent,android_fraudulent,Fraudulent
dataset/AndroidGenuine/gA_225.jpg,AndroidGenuine,android_genuine,Genuine
dataset/AndroidGenuine/gA_126.jfif,AndroidGenuine,android_genuine,Genuine
dataset/AndroidGenuine/gA_230.jfif,AndroidGenuine,android_genuine,Genuine
dataset/iOSGenuine/gI_209.JPEG,iOSGenuine,ios_genuine,Genuine
dataset/AndroidGenuine/gA_143.jfif,AndroidGenuine,android_genuine,Genuine
dataset/AndroidFraudulent/fA_030.png,AndroidFraudulent,android_fraudulent,Fraudulent
dataset/AndroidGenuine/gA_165.jpg,AndroidGenuine,android_genuine,Genuine
dataset/AndroidGenuine/gA_338.jpg,AndroidGenuine,android_genuine,Genuine
dataset/AndroidGenuine/gA_095.jfif,AndroidGenuine,android_genuine,Genuine
dataset/iOSFraudulent/fI_089.png,iOSFraudulent,ios_fraudulent,Fraudulent
dataset/iOSGenuine/gI_373.PNG,iOSGenuine,ios_genuine,Genuine
dataset/iOSFraudulent/fI_278.png,iOSFraudulent,ios_fraudulent,Fraudulent
dataset/AndroidGenuine/gA_155.jfif,AndroidGenuine,android_genuine,Genuine
dataset/AndroidFraudulent/fA_261.png,AndroidFraudulent,android_fraudulent,Fraudulent
dataset/AndroidFraudulent/fA_098.png,AndroidFraudulent,android_fraudulent,Fraudulent
dataset/iOSFraudulent/fI_064.png,iOSFraudulent,ios_fraudulent,Fraudulent
dataset/iOSFraudulent/fI_359.png,iOSFraudulent,ios_fraudulent,Fraudulent
dataset/iOSGenuine/gI_303.JPEG,iOSGenuine,ios_genuine,Genuine
dataset/AndroidGenuine/gA_396.jpg,AndroidGenuine,android_genuine,Genuine
dataset/iOSFraudulent/fI_345.png,iOSFraudulent,ios_fraudulent,Fraudulent
dataset/iOSGenuine/gI_272.JPEG,iOSGenuine,ios_genuine,Genuine
dataset/AndroidFraudulent/fA_246.png,AndroidFraudulent,android_fraudulent,Fraudulent
dataset/AndroidFraudulent/fA_106.png,AndroidFraudulent,android_fraudulent,Fraudulent
dataset/AndroidGenuine/gA_137.jfif,AndroidGenuine,android_genuine,Genuine
dataset/AndroidFraudulent/fA_224.png,AndroidFraudulent,android_fraudulent,Fraudulent
dataset/iOSFraudulent/fI_322.png,iOSFraudulent,ios_fraudulent,Fraudulent
dataset/iOSGenuine/gI_193.JPEG,iOSGenuine,ios_genuine,Genuine
dataset/iOSFraudulent/fI_197.png,iOSFraudulent,ios_fraudulent,Fraudulent
dataset/iOSFraudulent/fI_383.png,iOSFraudulent,ios_fraudulent,Fraudulent
dataset/AndroidFraudulent/fA_312.png,AndroidFraudulent,android_fraudulent,Fraudulent
dataset/iOSFraudulent/fI_143.png,iOSFraudulent,ios_fraudulent,Fraudulent
dataset/AndroidFraudulent/fA_319.png,AndroidFraudulent,android_fraudulent,Fraudulent
dataset/AndroidGenuine/gA_148.jfif,AndroidGenuine,android_genuine,Genuine
dataset/AndroidGenuine/gA_182.jfif,AndroidGenuine,android_genuine,Genuine
dataset/iOSFraudulent/fI_286.png,iOSFraudulent,ios_fraudulent,Fraudulent
dataset/iOSFraudulent/fI_288.png,iOSFraudulent,ios_fraudulent,Fraudulent
dataset/iOSGenuine/gI_135.PNG,iOSGenuine,ios_genuine,Genuine
dataset/AndroidGenuine/gA_012.jpg,AndroidGenuine,android_genuine,Genuine
dataset/iOSFraudulent/fI_318.png,iOSFraudulent,ios_fraudulent,Fraudulent
dataset/AndroidFraudulent/fA_352.png,AndroidFraudulent,android_fraudulent,Fraudulent
dataset/AndroidFraudulent/fA_132.png,AndroidFraudulent,android_fraudulent,Fraudulent
dataset/iOSFraudulent/fI_206.png,iOSFraudulent,ios_fraudulent,Fraudulent
dataset/AndroidFraudulent/fA_296.png,AndroidFraudulent,android_fraudulent,Fraudulent
dataset/AndroidGenuine/gA_086.jfif,AndroidGenuine,android_genuine,Genuine
dataset/iOSFraudulent/fI_011.png,iOSFraudulent,ios_fraudulent,Fraudulent
dataset/iOSFraudulent/fI_027.png,iOSFraudulent,ios_fraudulent,Fraudulent
dataset/iOSFraudulent/fI_018.png,iOSFraudulent,ios_fraudulent,Fraudulent
dataset/iOSGenuine/gI_099.JPG,iOSGenuine,ios_genuine,Genuine
dataset/iOSFraudulent/fI_253.png,iOSFraudulent,ios_fraudulent,Fraudulent
dataset/AndroidGenuine/gA_374.jpg,AndroidGenuine,android_genuine,Genuine
dataset/AndroidFraudulent/fA_004.png,AndroidFraudulent,android_fraudulent,Fraudulent
dataset/iOSGenuine/gI_310.JPEG,iOSGenuine,ios_genuine,Genuine
dataset/AndroidFraudulent/fA_287.png,AndroidFraudulent,android_fraudulent,Fraudulent
dataset/AndroidFraudulent/fA_099.png,AndroidFraudulent,android_fraudulent,Fraudulent
dataset/AndroidGenuine/gA_138.jfif,AndroidGenuine,android_genuine,Genuine
dataset/iOSFraudulent/fI_107.png,iOSFraudulent,ios_fraudulent,Fraudulent
dataset/iOSGenuine/gI_165.JPG,iOSGenuine,ios_genuine,Genuine
dataset/AndroidFraudulent/fA_256.png,AndroidFraudulent,android_fraudulent,Fraudulent
dataset/AndroidFraudulent/fA_201.png,AndroidFraudulent,android_fraudulent,Fraudulent
dataset/AndroidFraudulent/fA_078.png,AndroidFraudulent,android_fraudulent,Fraudulent
dataset/iOSFraudulent/fI_315.png,iOSFraudulent,ios_fraudulent,Fraudulent
dataset/iOSGenuine/gI_327.JPEG,iOSGenuine,ios_genuine,Genuine
dataset/iOSFraudulent/fI_267.png,iOSFraudulent,ios_fraudulent,Fraudulent
dataset/AndroidFraudulent/fA_335.png,AndroidFraudulent,android_fraudulent,Fraudulent
dataset/AndroidGenuine/gA_193.jfif,AndroidGenuine,android_genuine,Genuine
dataset/iOSFraudulent/fI_145.png,iOSFraudulent,ios_fraudulent,Fraudulent
dataset/AndroidGenuine/gA_163.jfif,AndroidGenuine,android_genuine,Genuine
dataset/iOSGenuine/gI_177.JPEG,iOSGenuine,ios_genuine,Genuine
dataset/AndroidFraudulent/fA_397.png,AndroidFraudulent,android_fraudulent,Fraudulent
dataset/AndroidGenuine/gA_006.jpg,AndroidGenuine,android_genuine,Genuine
dataset/iOSFraudulent/fI_310.png,iOSFraudulent,ios_fraudulent,Fraudulent
dataset/iOSGenuine/gI_171.JPEG,iOSGenuine,ios_genuine,Genuine
dataset/iOSGenuine/gI_011.PNG,iOSGenuine,ios_genuine,Genuine
dataset/iOSGenuine/gI_290.jpg,iOSGenuine,ios_genuine,Genuine
dataset/iOSGenuine/gI_324.JPEG,iOSGenuine,ios_genuine,Genuine
dataset/AndroidGenuine/gA_110.jfif,AndroidGenuine,android_genuine,Genuine
dataset/AndroidFraudulent/fA_272.png,AndroidFraudulent,android_fraudulent,Fraudulent
dataset/AndroidFraudulent/fA_180.png,AndroidFraudulent,android_fraudulent,Fraudulent
dataset/iOSGenuine/gI_107.JPG,iOSGenuine,ios_genuine,Genuine
dataset/iOSGenuine/gI_312.JPEG,iOSGenuine,ios_genuine,Genuine
dataset/iOSGenuine/gI_152.PNG,iOSGenuine,ios_genuine,Genuine
dataset/iOSFraudulent/fI_015.png,iOSFraudulent,ios_fraudulent,Fraudulent
dataset/iOSGenuine/gI_271.JPEG,iOSGenuine,ios_genuine,Genuine
dataset/iOSFraudulent/fI_134.png,iOSFraudulent,ios_fraudulent,Fraudulent
dataset/AndroidFraudulent/fA_164.png,AndroidFraudulent,android_fraudulent,Fraudulent
dataset/iOSGenuine/gI_343.JPEG,iOSGenuine,ios_genuine,Genuine
dataset/AndroidGenuine/gA_007.jpg,AndroidGenuine,android_genuine,Genuine
dataset/AndroidGenuine/gA_293.jfif,AndroidGenuine,android_genuine,Genuine
dataset/AndroidGenuine/gA_159.jfif,AndroidGenuine,android_genuine,Genuine
dataset/AndroidFraudulent/fA_262.png,AndroidFraudulent,android_fraudulent,Fraudulent
dataset/AndroidGenuine/gA_353.jpg,AndroidGenuine,android_genuine,Genuine
dataset/AndroidFraudulent/fA_032.png,AndroidFraudulent,android_fraudulent,Fraudulent
dataset/iOSFraudulent/fI_335.png,iOSFraudulent,ios_fraudulent,Fraudulent
dataset/AndroidFraudulent/fA_380.png,AndroidFraudulent,android_fraudulent,Fraudulent
dataset/iOSFraudulent/fI_222.png,iOSFraudulent,ios_fraudulent,Fraudulent
dataset/iOSGenuine/gI_164.PNG,iOSGenuine,ios_genuine,Genuine
dataset/iOSGenuine/gI_100.JPG,iOSGenuine,ios_genuine,Genuine
dataset/AndroidFraudulent/fA_092.png,AndroidFraudulent,android_fraudulent,Fraudulent
dataset/iOSGenuine/gI_095.JPG,iOSGenuine,ios_genuine,Genuine
dataset/iOSFraudulent/fI_052.png,iOSFraudulent,ios_fraudulent,Fraudulent
dataset/AndroidFraudulent/fA_338.png,AndroidFraudulent,android_fraudulent,Fraudulent
dataset/AndroidGenuine/gA_002.jpg,AndroidGenuine,android_genuine,Genuine
dataset/iOSGenuine/gI_291.JPEG,iOSGenuine,ios_genuine,Genuine
dataset/AndroidFraudulent/fA_278.png,AndroidFraudulent,android_fraudulent,Fraudulent
dataset/iOSGenuine/gI_295.JPEG,iOSGenuine,ios_genuine,Genuine
dataset/AndroidFraudulent/fA_333.png,AndroidFraudulent,android_fraudulent,Fraudulent
dataset/AndroidFraudulent/fA_043.png,AndroidFraudulent,android_fraudulent,Fraudulent
dataset/iOSFraudulent/fI_161.png,iOSFraudulent,ios_fraudulent,Fraudulent
dataset/AndroidFraudulent/fA_310.png,AndroidFraudulent,android_fraudulent,Fraudulent
dataset/iOSFraudulent/fI_356.png,iOSFraudulent,ios_fraudulent,Fraudulent
dataset/iOSGenuine/gI_004.PNG,iOSGenuine,ios_genuine,Genuine
dataset/AndroidFraudulent/fA_266.png,AndroidFraudulent,android_fraudulent,Fraudulent
dataset/AndroidFraudulent/fA_108.png,AndroidFraudulent,android_fraudulent,Fraudulent
dataset/iOSGenuine/gI_190.JPEG,iOSGenuine,ios_genuine,Genuine
dataset/iOSFraudulent/fI_028.png,iOSFraudulent,ios_fraudulent,Fraudulent
dataset/AndroidFraudulent/fA_374.png,AndroidFraudulent,android_fraudulent,Fraudulent
dataset/iOSGenuine/gI_174.JPEG,iOSGenuine,ios_genuine,Genuine
dataset/iOSFraudulent/fI_069.png,iOSFraudulent,ios_fraudulent,Fraudulent
dataset/iOSGenuine/gI_026.PNG,iOSGenuine,ios_genuine,Genuine
dataset/iOSGenuine/gI_334.JPEG,iOSGenuine,ios_genuine,Genuine
dataset/iOSFraudulent/fI_099.png,iOSFraudulent,ios_fraudulent,Fraudulent
dataset/iOSGenuine/gI_394.jpg,iOSGenuine,ios_genuine,Genuine
dataset/AndroidFraudulent/fA_212.png,AndroidFraudulent,android_fraudulent,Fraudulent
dataset/AndroidFraudulent/fA_241.png,AndroidFraudulent,android_fraudulent,Fraudulent
dataset/AndroidFraudulent/fA_365.png,AndroidFraudulent,android_fraudulent,Fraudulent
dataset/iOSFraudulent/fI_060.png,iOSFraudulent,ios_fraudulent,Fraudulent
dataset/iOSFraudulent/fI_280.png,iOSFraudulent,ios_fraudulent,Fraudulent
dataset/iOSFraudulent/fI_394.png,iOSFraudulent,ios_fraudulent,Fraudulent
dataset/iOSGenuine/gI_340.JPEG,iOSGenuine,ios_genuine,Genuine
dataset/AndroidGenuine/gA_321.jpg,AndroidGenuine,android_genuine,Genuine
dataset/iOSFraudulent/fI_236.png,iOSFraudulent,ios_fraudulent,Fraudulent
dataset/AndroidGenuine/gA_272.jfif,AndroidGenuine,android_genuine,Genuine
dataset/iOSGenuine/gI_172.JPEG,iOSGenuine,ios_genuine,Genuine
dataset/AndroidFraudulent/fA_183.png,AndroidFraudulent,android_fraudulent,Fraudulent
dataset/iOSFraudulent/fI_187.png,iOSFraudulent,ios_fraudulent,Fraudulent
dataset/AndroidFraudulent/fA_001.png,AndroidFraudulent,android_fraudulent,Fraudulent
dataset/iOSFraudulent/fI_175.png,iOSFraudulent,ios_fraudulent,Fraudulent
dataset/iOSFraudulent/fI_137.png,iOSFraudulent,ios_fraudulent,Fraudulent
dataset/iOSGenuine/gI_234.JPEG,iOSGenuine,ios_genuine,Genuine
dataset/AndroidFraudulent/fA_076.png,AndroidFraudulent,android_fraudulent,Fraudulent
dataset/AndroidGenuine/gA_232.jfif,AndroidGenuine,android_genuine,Genuine
dataset/AndroidGenuine/gA_273.jpg,AndroidGenuine,android_genuine,Genuine
dataset/AndroidFraudulent/fA_155.png,AndroidFraudulent,android_fraudulent,Fraudulent
dataset/AndroidFraudulent/fA_379.png,AndroidFraudulent,android_fraudulent,Fraudulent
dataset/iOSFraudulent/fI_083.png,iOSFraudulent,ios_fraudulent,Fraudulent
dataset/AndroidGenuine/gA_384.jpg,AndroidGenuine,android_genuine,Genuine
dataset/AndroidGenuine/gA_042.jpg,AndroidGenuine,android_genuine,Genuine
dataset/AndroidGenuine/gA_204.jfif,AndroidGenuine,android_genuine,Genuine
dataset/AndroidFraudulent/fA_327.png,AndroidFraudulent,android_fraudulent,Fraudulent
dataset/AndroidGenuine/gA_205.png,AndroidGenuine,android_genuine,Genuine
dataset/iOSGenuine/gI_062.jfif,iOSGenuine,ios_genuine,Genuine
dataset/iOSFraudulent/fI_384.png,iOSFraudulent,ios_fraudulent,Fraudulent
dataset/iOSFraudulent/fI_370.png,iOSFraudulent,ios_fraudulent,Fraudulent
dataset/iOSGenuine/gI_345.JPEG,iOSGenuine,ios_genuine,Genuine
dataset/iOSGenuine/gI_155.PNG,iOSGenuine,ios_genuine,Genuine
dataset/AndroidGenuine/gA_076.jpg,AndroidGenuine,android_genuine,Genuine
dataset/AndroidFraudulent/fA_060.png,AndroidFraudulent,android_fraudulent,Fraudulent
dataset/iOSFraudulent/fI_202.jpg,iOSFraudulent,ios_fraudulent,Fraudulent
dataset/AndroidGenuine/gA_280.jpg,AndroidGenuine,android_genuine,Genuine
dataset/iOSGenuine/gI_262.JPEG,iOSGenuine,ios_genuine,Genuine
dataset/iOSFraudulent/fI_119.png,iOSFraudulent,ios_fraudulent,Fraudulent
dataset/AndroidGenuine/gA_364.jpg,AndroidGenuine,android_genuine,Genuine
dataset/iOSFraudulent/fI_254.png,iOSFraudulent,ios_fraudulent,Fraudulent
dataset/iOSFraudulent/fI_210.png,iOSFraudulent,ios_fraudulent,Fraudulent
dataset/iOSGenuine/gI_101.JPG,iOSGenuine,ios_genuine,Genuine
dataset/AndroidGenuine/gA_325.jpg,AndroidGenuine,android_genuine,Genuine
dataset/AndroidFraudulent/fA_341.png,AndroidFraudulent,android_fraudulent,Fraudulent
dataset/iOSGenuine/gI_332.JPEG,iOSGenuine,ios_genuine,Genuine
dataset/AndroidGenuine/gA_024.jpg,AndroidGenuine,android_genuine,Genuine
dataset/AndroidGenuine/gA_212.jpg,AndroidGenuine,android_genuine,Genuine
dataset/iOSGenuine/gI_053.jpg,iOSGenuine,ios_genuine,Genuine
dataset/AndroidGenuine/gA_254.jpg,AndroidGenuine,android_genuine,Genuine
dataset/AndroidFraudulent/fA_325.png,AndroidFraudulent,android_fraudulent,Fraudulent
dataset/AndroidGenuine/gA_256.jpg,AndroidGenuine,android_genuine,Genuine
dataset/iOSFraudulent/fI_207.png,iOSFraudulent,ios_fraudulent,Fraudulent
dataset/iOSFraudulent/fI_337.png,iOSFraudulent,ios_fraudulent,Fraudulent
dataset/iOSGenuine/gI_145.PNG,iOSGenuine,ios_genuine,Genuine
dataset/iOSFraudulent/fI_070.png,iOSFraudulent,ios_fraudulent,Fraudulent
dataset/iOSGenuine/gI_300.jpg,iOSGenuine,ios_genuine,Genuine
dataset/AndroidFraudulent/fA_148.jpg,AndroidFraudulent,android_fraudulent,Fraudulent
dataset/iOSFraudulent/fI_164.png,iOSFraudulent,ios_fraudulent,Fraudulent
dataset/AndroidFraudulent/fA_351.png,AndroidFraudulent,android_fraudulent,Fraudulent
dataset/AndroidFraudulent/fA_222.png,AndroidFraudulent,android_fraudulent,Fraudulent
dataset/iOSGenuine/gI_052.jpg,iOSGenuine,ios_genuine,Genuine
dataset/iOSGenuine/gI_057.jpg,iOSGenuine,ios_genuine,Genuine
dataset/iOSFraudulent/fI_275.png,iOSFraudulent,ios_fraudulent,Fraudulent
dataset/iOSGenuine/gI_024.PNG,iOSGenuine,ios_genuine,Genuine
dataset/iOSGenuine/gI_336.JPEG,iOSGenuine,ios_genuine,Genuine
dataset/iOSFraudulent/fI_343.png,iOSFraudulent,ios_fraudulent,Fraudulent
dataset/AndroidFraudulent/fA_284.png,AndroidFraudulent,android_fraudulent,Fraudulent
dataset/iOSFraudulent/fI_303.png,iOSFraudulent,ios_fraudulent,Fraudulent
dataset/iOSFraudulent/fI_199.png,iOSFraudulent,ios_fraudulent,Fraudulent
dataset/AndroidFraudulent/fA_044.png,AndroidFraudulent,android_fraudulent,Fraudulent
dataset/AndroidGenuine/gA_064.jpg,AndroidGenuine,android_genuine,Genuine
dataset/AndroidGenuine/gA_153.jfif,AndroidGenuine,android_genuine,Genuine
dataset/iOSGenuine/gI_212.JPEG,iOSGenuine,ios_genuine,Genuine
dataset/AndroidGenuine/gA_320.jpg,AndroidGenuine,android_genuine,Genuine
dataset/AndroidGenuine/gA_334.jpg,AndroidGenuine,android_genuine,Genuine
dataset/iOSFraudulent/fI_274.png,iOSFraudulent,ios_fraudulent,Fraudulent
dataset/AndroidFraudulent/fA_079.png,AndroidFraudulent,android_fraudulent,Fraudulent
dataset/iOSFraudulent/fI_265.png,iOSFraudulent,ios_fraudulent,Fraudulent
dataset/iOSGenuine/gI_001.PNG,iOSGenuine,ios_genuine,Genuine
dataset/iOSFraudulent/fI_153.png,iOSFraudulent,ios_fraudulent,Fraudulent
dataset/iOSGenuine/gI_333.JPEG,iOSGenuine,ios_genuine,Genuine
dataset/iOSGenuine/gI_032.PNG,iOSGenuine,ios_genuine,Genuine
dataset/AndroidGenuine/gA_035.jpg,AndroidGenuine,android_genuine,Genuine
dataset/AndroidGenuine/gA_041.jpg,AndroidGenuine,android_genuine,Genuine
dataset/iOSFraudulent/fI_323.png,iOSFraudulent,ios_fraudulent,Fraudulent
dataset/iOSFraudulent/fI_357.png,iOSFraudulent,ios_fraudulent,Fraudulent
dataset/iOSFraudulent/fI_090.png,iOSFraudulent,ios_fraudulent,Fraudulent
dataset/AndroidFraudulent/fA_116.png,AndroidFraudulent,android_fraudulent,Fraudulent
dataset/iOSFraudulent/fI_382.png,iOSFraudulent,ios_fraudulent,Fraudulent
dataset/iOSFraudulent/fI_148.png,iOSFraudulent,ios_fraudulent,Fraudulent
dataset/AndroidFraudulent/fA_085.png,AndroidFraudulent,android_fraudulent,Fraudulent
dataset/AndroidFraudulent/fA_334.png,AndroidFraudulent,android_fraudulent,Fraudulent
dataset/AndroidGenuine/gA_322.jpg,AndroidGenuine,android_genuine,Genuine
dataset/AndroidFraudulent/fA_166.png,AndroidFraudulent,android_fraudulent,Fraudulent
dataset/iOSGenuine/gI_010.PNG,iOSGenuine,ios_genuine,Genuine
dataset/iOSFraudulent/fI_150.png,iOSFraudulent,ios_fraudulent,Fraudulent
dataset/AndroidGenuine/gA_171.jfif,AndroidGenuine,android_genuine,Genuine
dataset/iOSFraudulent/fI_163.png,iOSFraudulent,ios_fraudulent,Fraudulent
dataset/AndroidGenuine/gA_142.jfif,AndroidGenuine,android_genuine,Genuine
dataset/iOSGenuine/gI_049.PNG,iOSGenuine,ios_genuine,Genuine
dataset/AndroidFraudulent/fA_139.png,AndroidFraudulent,android_fraudulent,Fraudulent
dataset/iOSFraudulent/fI_389.png,iOSFraudulent,ios_fraudulent,Fraudulent
dataset/AndroidGenuine/gA_175.jfif,AndroidGenuine,android_genuine,Genuine
dataset/iOSFraudulent/fI_348.png,iOSFraudulent,ios_fraudulent,Fraudulent
dataset/AndroidFraudulent/fA_003.png,AndroidFraudulent,android_fraudulent,Fraudulent
dataset/iOSGenuine/gI_314.JPEG,iOSGenuine,ios_genuine,Genuine
dataset/iOSGenuine/gI_251.jpg,iOSGenuine,ios_genuine,Genuine
dataset/AndroidGenuine/gA_083.jfif,AndroidGenuine,android_genuine,Genuine
dataset/AndroidGenuine/gA_104.jfif,AndroidGenuine,android_genuine,Genuine
dataset/iOSGenuine/gI_093.JPG,iOSGenuine,ios_genuine,Genuine
dataset/AndroidGenuine/gA_344.jpg,AndroidGenuine,android_genuine,Genuine
dataset/AndroidGenuine/gA_088.jfif,AndroidGenuine,android_genuine,Genuine
dataset/AndroidGenuine/gA_136.jfif,AndroidGenuine,android_genuine,Genuine
dataset/iOSGenuine/gI_360.JPEG,iOSGenuine,ios_genuine,Genuine
dataset/iOSFraudulent/fI_299.png,iOSFraudulent,ios_fraudulent,Fraudulent
dataset/AndroidGenuine/gA_235.jfif,AndroidGenuine,android_genuine,Genuine
dataset/iOSFraudulent/fI_381.png,iOSFraudulent,ios_fraudulent,Fraudulent
dataset/AndroidGenuine/gA_200.jfif,AndroidGenuine,android_genuine,Genuine
dataset/iOSGenuine/gI_182.JPEG,iOSGenuine,ios_genuine,Genuine
dataset/iOSFraudulent/fI_109.png,iOSFraudulent,ios_fraudulent,Fraudulent
dataset/AndroidGenuine/gA_105.jfif,AndroidGenuine,android_genuine,Genuine
dataset/AndroidFraudulent/fA_024.png,AndroidFraudulent,android_fraudulent,Fraudulent
dataset/iOSGenuine/gI_238.JPEG,iOSGenuine,ios_genuine,Genuine
dataset/iOSGenuine/gI_126.PNG,iOSGenuine,ios_genuine,Genuine
dataset/AndroidFraudulent/fA_002.png,AndroidFraudulent,android_fraudulent,Fraudulent
dataset/AndroidGenuine/gA_310.jfif,AndroidGenuine,android_genuine,Genuine
dataset/iOSGenuine/gI_210.JPEG,iOSGenuine,ios_genuine,Genuine
dataset/AndroidFraudulent/fA_083.png,AndroidFraudulent,android_fraudulent,Fraudulent
dataset/iOSGenuine/gI_233.JPEG,iOSGenuine,ios_genuine,Genuine
dataset/iOSFraudulent/fI_201.jpg,iOSFraudulent,ios_fraudulent,Fraudulent
dataset/AndroidGenuine/gA_335.jpg,AndroidGenuine,android_genuine,Genuine
dataset/AndroidGenuine/gA_010.jpg,AndroidGenuine,android_genuine,Genuine
dataset/iOSGenuine/gI_263.JPEG,iOSGenuine,ios_genuine,Genuine
dataset/iOSFraudulent/fI_085.png,iOSFraudulent,ios_fraudulent,Fraudulent
dataset/iOSFraudulent/fI_013.png,iOSFraudulent,ios_fraudulent,Fraudulent
dataset/iOSGenuine/gI_007.PNG,iOSGenuine,ios_genuine,Genuine
dataset/AndroidFraudulent/fA_234.png,AndroidFraudulent,android_fraudulent,Fraudulent
dataset/AndroidFraudulent/fA_133.png,AndroidFraudulent,android_fraudulent,Fraudulent
dataset/iOSFraudulent/fI_123.png,iOSFraudulent,ios_fraudulent,Fraudulent
dataset/AndroidGenuine/gA_114.jfif,AndroidGenuine,android_genuine,Genuine
dataset/AndroidFraudulent/fA_282.png,AndroidFraudulent,android_fraudulent,Fraudulent
dataset/AndroidGenuine/gA_345.jpg,AndroidGenuine,android_genuine,Genuine
dataset/AndroidGenuine/gA_317.jpg,AndroidGenuine,android_genuine,Genuine
dataset/AndroidGenuine/gA_242.jfif,AndroidGenuine,android_genuine,Genuine
dataset/iOSGenuine/gI_020.PNG,iOSGenuine,ios_genuine,Genuine
dataset/iOSFraudulent/fI_387.png,iOSFraudulent,ios_fraudulent,Fraudulent
dataset/AndroidGenuine/gA_296.jfif,AndroidGenuine,android_genuine,Genuine
dataset/AndroidGenuine/gA_146.jfif,AndroidGenuine,android_genuine,Genuine
dataset/AndroidFraudulent/fA_220.png,AndroidFraudulent,android_fraudulent,Fraudulent
dataset/AndroidGenuine/gA_340.jpg,AndroidGenuine,android_genuine,Genuine
dataset/iOSGenuine/gI_351.JPEG,iOSGenuine,ios_genuine,Genuine
dataset/iOSGenuine/gI_380.jpg,iOSGenuine,ios_genuine,Genuine
dataset/iOSGenuine/gI_220.JPEG,iOSGenuine,ios_genuine,Genuine
dataset/iOSGenuine/gI_136.PNG,iOSGenuine,ios_genuine,Genuine
dataset/iOSFraudulent/fI_365.png,iOSFraudulent,ios_fraudulent,Fraudulent
dataset/AndroidFraudulent/fA_081.png,AndroidFraudulent,android_fraudulent,Fraudulent
dataset/AndroidGenuine/gA_183.jfif,AndroidGenuine,android_genuine,Genuine
dataset/iOSGenuine/gI_102.JPG,iOSGenuine,ios_genuine,Genuine
dataset/AndroidFraudulent/fA_095.png,AndroidFraudulent,android_fraudulent,Fraudulent
dataset/iOSGenuine/gI_146.PNG,iOSGenuine,ios_genuine,Genuine
dataset/iOSGenuine/gI_167.PNG,iOSGenuine,ios_genuine,Genuine
dataset/AndroidGenuine/gA_299.jfif,AndroidGenuine,android_genuine,Genuine
dataset/iOSGenuine/gI_378.jpg,iOSGenuine,ios_genuine,Genuine
dataset/iOSFraudulent/fI_139.png,iOSFraudulent,ios_fraudulent,Fraudulent
dataset/iOSGenuine/gI_140.PNG,iOSGenuine,ios_genuine,Genuine
dataset/AndroidFraudulent/fA_315.png,AndroidFraudulent,android_fraudulent,Fraudulent
dataset/AndroidGenuine/gA_367.jpg,AndroidGenuine,android_genuine,Genuine
dataset/iOSFraudulent/fI_193.png,iOSFraudulent,ios_fraudulent,Fraudulent
dataset/AndroidGenuine/gA_315.jfif,AndroidGenuine,android_genuine,Genuine
dataset/AndroidFraudulent/fA_260.png,AndroidFraudulent,android_fraudulent,Fraudulent
dataset/iOSGenuine/gI_221.JPEG,iOSGenuine,ios_genuine,Genuine
dataset/iOSGenuine/gI_308.JPEG,iOSGenuine,ios_genuine,Genuine
dataset/iOSGenuine/gI_044.PNG,iOSGenuine,ios_genuine,Genuine
dataset/iOSFraudulent/fI_252.png,iOSFraudulent,ios_fraudulent,Fraudulent
dataset/AndroidFraudulent/fA_396.png,AndroidFraudulent,android_fraudulent,Fraudulent
dataset/AndroidGenuine/gA_312.jfif,AndroidGenuine,android_genuine,Genuine
dataset/AndroidFraudulent/fA_157.png,AndroidFraudulent,android_fraudulent,Fraudulent
dataset/iOSFraudulent/fI_020.png,iOSFraudulent,ios_fraudulent,Fraudulent
dataset/iOSGenuine/gI_268.JPEG,iOSGenuine,ios_genuine,Genuine
dataset/iOSGenuine/gI_215.JPEG,iOSGenuine,ios_genuine,Genuine
dataset/AndroidGenuine/gA_376.jpg,AndroidGenuine,android_genuine,Genuine
dataset/iOSFraudulent/fI_309.png,iOSFraudulent,ios_fraudulent,Fraudulent
dataset/AndroidGenuine/gA_246.jpg,AndroidGenuine,android_genuine,Genuine
dataset/AndroidGenuine/gA_400.jfif,AndroidGenuine,android_genuine,Genuine
dataset/iOSGenuine/gI_231.JPEG,iOSGenuine,ios_genuine,Genuine
dataset/iOSFraudulent/fI_266.png,iOSFraudulent,ios_fraudulent,Fraudulent
dataset/iOSGenuine/gI_071.jfif,iOSGenuine,ios_genuine,Genuine
dataset/iOSFraudulent/fI_114.png,iOSFraudulent,ios_fraudulent,Fraudulent
dataset/AndroidFraudulent/fA_371.png,AndroidFraudulent,android_fraudulent,Fraudulent
dataset/iOSGenuine/gI_232.JPEG,iOSGenuine,ios_genuine,Genuine
dataset/AndroidFraudulent/fA_073.png,AndroidFraudulent,android_fraudulent,Fraudulent
dataset/iOSGenuine/gI_361.JPEG,iOSGenuine,ios_genuine,Genuine
dataset/AndroidFraudulent/fA_382.png,AndroidFraudulent,android_fraudulent,Fraudulent
dataset/iOSFraudulent/fI_096.png,iOSFraudulent,ios_fraudulent,Fraudulent
dataset/iOSFraudulent/fI_140.png,iOSFraudulent,ios_fraudulent,Fraudulent
dataset/AndroidGenuine/gA_252.jpg,AndroidGenuine,android_genuine,Genuine
dataset/iOSGenuine/gI_179.JPEG,iOSGenuine,ios_genuine,Genuine
dataset/iOSGenuine/gI_227.JPEG,iOSGenuine,ios_genuine,Genuine
dataset/iOSFraudulent/fI_364.png,iOSFraudulent,ios_fraudulent,Fraudulent
dataset/iOSFraudulent/fI_126.png,iOSFraudulent,ios_fraudulent,Fraudulent
dataset/iOSGenuine/gI_397.jpg,iOSGenuine,ios_genuine,Genuine
dataset/AndroidFraudulent/fA_140.png,AndroidFraudulent,android_fraudulent,Fraudulent
dataset/AndroidFraudulent/fA_263.png,AndroidFraudulent,android_fraudulent,Fraudulent
dataset/AndroidGenuine/gA_314.jfif,AndroidGenuine,android_genuine,Genuine
dataset/iOSFraudulent/fI_363.png,iOSFraudulent,ios_fraudulent,Fraudulent
dataset/iOSFraudulent/fI_116.png,iOSFraudulent,ios_fraudulent,Fraudulent
dataset/AndroidFraudulent/fA_141.png,AndroidFraudulent,android_fraudulent,Fraudulent
dataset/iOSFraudulent/fI_334.png,iOSFraudulent,ios_fraudulent,Fraudulent
dataset/iOSGenuine/gI_301.JPEG,iOSGenuine,ios_genuine,Genuine
dataset/iOSGenuine/gI_302.JPEG,iOSGenuine,ios_genuine,Genuine
dataset/iOSFraudulent/fI_094.png,iOSFraudulent,ios_fraudulent,Fraudulent
dataset/iOSFraudulent/fI_130.png,iOSFraudulent,ios_fraudulent,Fraudulent
dataset/AndroidGenuine/gA_339.jpg,AndroidGenuine,android_genuine,Genuine
dataset/iOSGenuine/gI_208.JPEG,iOSGenuine,ios_genuine,Genuine
dataset/AndroidFraudulent/fA_052.png,AndroidFraudulent,android_fraudulent,Fraudulent
dataset/iOSGenuine/gI_224.JPEG,iOSGenuine,ios_genuine,Genuine
dataset/AndroidFraudulent/fA_297.png,AndroidFraudulent,android_fraudulent,Fraudulent
dataset/iOSFraudulent/fI_031.png,iOSFraudulent,ios_fraudulent,Fraudulent
dataset/iOSFraudulent/fI_049.png,iOSFraudulent,ios_fraudulent,Fraudulent
dataset/iOSFraudulent/fI_007.png,iOSFraudulent,ios_fraudulent,Fraudulent
dataset/AndroidFraudulent/fA_069.png,AndroidFraudulent,android_fraudulent,Fraudulent
dataset/AndroidFraudulent/fA_080.png,AndroidFraudulent,android_fraudulent,Fraudulent
dataset/iOSGenuine/gI_170.JPEG,iOSGenuine,ios_genuine,Genuine
dataset/iOSGenuine/gI_339.JPEG,iOSGenuine,ios_genuine,Genuine
dataset/iOSFraudulent/fI_068.png,iOSFraudulent,ios_fraudulent,Fraudulent
dataset/AndroidGenuine/gA_243.jfif,AndroidGenuine,android_genuine,Genuine
dataset/AndroidGenuine/gA_195.jpg,AndroidGenuine,android_genuine,Genuine
dataset/iOSFraudulent/fI_342.png,iOSFraudulent,ios_fraudulent,Fraudulent
dataset/iOSFraudulent/fI_066.png,iOSFraudulent,ios_fraudulent,Fraudulent
dataset/AndroidGenuine/gA_093.jfif,AndroidGenuine,android_genuine,Genuine
dataset/AndroidFraudulent/fA_036.png,AndroidFraudulent,android_fraudulent,Fraudulent
dataset/AndroidFraudulent/fA_145.jpg,AndroidFraudulent,android_fraudulent,Fraudulent
dataset/AndroidGenuine/gA_133.jfif,AndroidGenuine,android_genuine,Genuine
dataset/AndroidGenuine/gA_177.jpg,AndroidGenuine,android_genuine,Genuine
dataset/iOSGenuine/gI_218.JPEG,iOSGenuine,ios_genuine,Genuine
dataset/AndroidFraudulent/fA_096.png,AndroidFraudulent,android_fraudulent,Fraudulent
dataset/AndroidGenuine/gA_217.jfif,AndroidGenuine,android_genuine,Genuine
dataset/AndroidGenuine/gA_260.jpg,AndroidGenuine,android_genuine,Genuine
dataset/AndroidGenuine/gA_192.jpg,AndroidGenuine,android_genuine,Genuine
dataset/iOSFraudulent/fI_168.png,iOSFraudulent,ios_fraudulent,Fraudulent
dataset/iOSFraudulent/fI_071.png,iOSFraudulent,ios_fraudulent,Fraudulent
dataset/AndroidFraudulent/fA_383.png,AndroidFraudulent,android_fraudulent,Fraudulent
dataset/AndroidGenuine/gA_038.jpg,AndroidGenuine,android_genuine,Genuine
dataset/iOSGenuine/gI_311.JPEG,iOSGenuine,ios_genuine,Genuine
dataset/AndroidFraudulent/fA_264.png,AndroidFraudulent,android_fraudulent,Fraudulent
dataset/iOSFraudulent/fI_328.png,iOSFraudulent,ios_fraudulent,Fraudulent
dataset/iOSFraudulent/fI_400.png,iOSFraudulent,ios_fraudulent,Fraudulent
dataset/AndroidFraudulent/fA_342.png,AndroidFraudulent,android_fraudulent,Fraudulent
dataset/AndroidFraudulent/fA_009.png,AndroidFraudulent,android_fraudulent,Fraudulent
dataset/AndroidGenuine/gA_267.jpg,AndroidGenuine,android_genuine,Genuine
dataset/iOSFraudulent/fI_189.png,iOSFraudulent,ios_fraudulent,Fraudulent
dataset/AndroidFraudulent/fA_050.png,AndroidFraudulent,android_fraudulent,Fraudulent
dataset/iOSFraudulent/fI_391.png,iOSFraudulent,ios_fraudulent,Fraudulent
dataset/iOSGenuine/gI_147.PNG,iOSGenuine,ios_genuine,Genuine
