filename,app_result_type,app_raw_score,threshold,image_path,image_ext,width,height,aspect_ratio,long_edge,file_size_kb,python_stage3_score,abs_delta,expected_file_sha256,matched_file_sha256,hash_match,app_label_from_score,python_label_from_score,verdict
gA_223.jpg,fraudulent,0.223858,0.16,C:\Users\YUKI\Documents\Vivy\real_world_samples\Android\gA_223.jpg,.jpg,945,2048,0.46142578125,2048,97.451171875,0.01796138659119606,0.20589661340880394,5ff244a772dacb5dcc55efbc8a2247513daa7f7670ce3f264abb6ba90f6ce5e2,5ff244a772dacb5dcc55efbc8a2247513daa7f7670ce3f264abb6ba90f6ce5e2,True,fraudulent,genuine,possible_app_preprocess_mismatch
gA_249.jpg,fraudulent,0.965773,0.16,C:\Users\YUKI\Documents\Vivy\real_world_samples\Android\gA_249.jpg,.jpg,1046,2048,0.5107421875,2048,85.6015625,0.05145915597677231,0.9143138440232277,a8fd225348148ab9dea9c2a5f44ca87ec71d690fe3cf07b9e2e5abf517cd6ebc,a8fd225348148ab9dea9c2a5f44ca87ec71d690fe3cf07b9e2e5abf517cd6ebc,True,fraudulent,genuine,possible_app_preprocess_mismatch
gA_250.jpg,fraudulent,0.953946,0.16,C:\Users\YUKI\Documents\Vivy\real_world_samples\Android\gA_250.jpg,.jpg,1046,2048,0.5107421875,2048,82.45703125,0.09236263483762741,0.8615833651623725,f16f3557f31d95d73dd0ac6f0db3b181a169eada1741a050ac5e97c306b3f564,f16f3557f31d95d73dd0ac6f0db3b181a169eada1741a050ac5e97c306b3f564,True,fraudulent,genuine,possible_app_preprocess_mismatch
gA_275.jpg,fraudulent,0.962457,0.16,C:\Users\YUKI\Documents\Vivy\real_world_samples\Android\gA_275.jpg,.jpg,1046,2048,0.5107421875,2048,68.419921875,0.05904924124479294,0.9034077587552071,7fe107fa6e1a00de3ef67dec58c6a62a86ed1179548936acb816e0ad99129719,7fe107fa6e1a00de3ef67dec58c6a62a86ed1179548936acb816e0ad99129719,True,fraudulent,genuine,possible_app_preprocess_mismatch
gA_276.jfif,fraudulent,0.421063,0.16,C:\Users\YUKI\Documents\Vivy\real_world_samples\Android\gA_276.jfif,.jfif,980,2047,0.4787493893502687,2047,74.07421875,0.1432308852672577,0.27783211473274233,feca4256a2135318261d0e32f1cf72ce1855b6427ad56540ab32ba5d1db3637c,feca4256a2135318261d0e32f1cf72ce1855b6427ad56540ab32ba5d1db3637c,True,fraudulent,genuine,possible_app_preprocess_mismatch
gA_277.jfif,fraudulent,0.421063,0.16,C:\Users\YUKI\Documents\Vivy\real_world_samples\Android\gA_277.jfif,.jfif,980,2047,0.4787493893502687,2047,74.07421875,0.1432308852672577,0.27783211473274233,feca4256a2135318261d0e32f1cf72ce1855b6427ad56540ab32ba5d1db3637c,feca4256a2135318261d0e32f1cf72ce1855b6427ad56540ab32ba5d1db3637c,True,fraudulent,genuine,possible_app_preprocess_mismatch
gA_278.jpg,fraudulent,0.922855,0.16,C:\Users\YUKI\Documents\Vivy\real_world_samples\Android\gA_278.jpg,.jpg,1046,2048,0.5107421875,2048,83.1240234375,0.056795988231897354,0.8660590117681026,0333c256e8c1bf2164bf2d83775d9b08777c974dd5abc39a846bf5c04233e5f8,0333c256e8c1bf2164bf2d83775d9b08777c974dd5abc39a846bf5c04233e5f8,True,fraudulent,genuine,possible_app_preprocess_mismatch
gA_279.jfif,unclear,0.161283,0.16,C:\Users\YUKI\Documents\Vivy\real_world_samples\Android\gA_279.jfif,.jfif,784,2045,0.3833740831295844,2045,58.9736328125,0.009682836942374706,0.1516001630576253,ea8a1cd6f02a9d5cd2aa8170d15df83869459a8c7ea61995225c90fe6932e466,ea8a1cd6f02a9d5cd2aa8170d15df83869459a8c7ea61995225c90fe6932e466,True,fraudulent,genuine,possible_app_preprocess_mismatch
gA_280.jpg,fraudulent,0.954482,0.16,C:\Users\YUKI\Documents\Vivy\real_world_samples\Android\gA_280.jpg,.jpg,1046,2048,0.5107421875,2048,68.2841796875,0.06478975713253021,0.8896922428674698,5df33be24f57aac9d7b17ec65fca539ccde1b8768522b2a86daaa7704742c4ec,5df33be24f57aac9d7b17ec65fca539ccde1b8768522b2a86daaa7704742c4ec,True,fraudulent,genuine,possible_app_preprocess_mismatch
gA_281.jfif,fraudulent,0.520904,0.16,C:\Users\YUKI\Documents\Vivy\real_world_samples\Android\gA_281.jfif,.jfif,980,2046,0.4789833822091887,2046,65.0087890625,0.2603781223297119,0.2605258776702881,43e184271ffc80d6d066d017ed1b87742882cf9b62308762fd1dd0facdea8115,43e184271ffc80d6d066d017ed1b87742882cf9b62308762fd1dd0facdea8115,True,fraudulent,fraudulent,possible_app_preprocess_mismatch
gA_282.jpg,fraudulent,0.99907,0.16,C:\Users\YUKI\Documents\Vivy\real_world_samples\Android\gA_282.jpg,.jpg,852,1846,0.46153846153846156,1846,66.4951171875,0.9782246351242065,0.02084536487579347,38f9d970904e750ed7bee9161cd980232787e2a538dda0bd492caa984e0db976,38f9d970904e750ed7bee9161cd980232787e2a538dda0bd492caa984e0db976,True,fraudulent,fraudulent,possible_app_preprocess_mismatch
gA_283.jpg,fraudulent,0.979444,0.16,C:\Users\YUKI\Documents\Vivy\real_world_samples\Android\gA_283.jpg,.jpg,720,1600,0.45,1600,63.830078125,0.39016273617744446,0.5892812638225555,1b25629efb92b56d1410fecb8ded812511a1d463ba1faa5d8b1b1099658a7d3d,1b25629efb92b56d1410fecb8ded812511a1d463ba1faa5d8b1b1099658a7d3d,True,fraudulent,fraudulent,possible_app_preprocess_mismatch
gA_284.jpg,fraudulent,0.625849,0.16,C:\Users\YUKI\Documents\Vivy\real_world_samples\Android\gA_284.jpg,.jpg,720,1600,0.45,1600,77.8935546875,0.017043279483914375,0.6088057205160856,7bf288b9938264fb3eecb5f635cce5bdba8fee11309529c848df0fb473ee0b03,7bf288b9938264fb3eecb5f635cce5bdba8fee11309529c848df0fb473ee0b03,True,fraudulent,genuine,possible_app_preprocess_mismatch
gA_285.jpg,fraudulent,0.625849,0.16,C:\Users\YUKI\Documents\Vivy\real_world_samples\Android\gA_285.jpg,.jpg,720,1600,0.45,1600,72.7578125,0.017043279483914375,0.6088057205160856,467712d251d54a51128f3c2fa35147786376dfd0af4454e1cd256d42a6b97ac6,467712d251d54a51128f3c2fa35147786376dfd0af4454e1cd256d42a6b97ac6,True,fraudulent,genuine,possible_app_preprocess_mismatch
gA_287.jfif,fraudulent,0.759825,0.16,C:\Users\YUKI\Documents\Vivy\real_world_samples\Android\gA_287.jfif,.jfif,720,1600,0.45,1600,43.42578125,0.1879005879163742,0.5719244120836258,8dfdc574863619cb4e7a2722704ee0bb63f136a98bd1ff39e2d3284b67610e24,8dfdc574863619cb4e7a2722704ee0bb63f136a98bd1ff39e2d3284b67610e24,True,fraudulent,fraudulent,possible_app_preprocess_mismatch
gA_288.jfif,fraudulent,0.358113,0.16,C:\Users\YUKI\Documents\Vivy\real_world_samples\Android\gA_288.jfif,.jfif,720,1675,0.4298507462686567,1675,36.8056640625,0.011699189431965351,0.34641381056803466,1535868cf34b353d19b1ff36e10b7b9d3481e7dd27a19d078d765932109c159d,1535868cf34b353d19b1ff36e10b7b9d3481e7dd27a19d078d765932109c159d,True,fraudulent,genuine,possible_app_preprocess_mismatch
gA_289.jfif,fraudulent,0.968592,0.16,C:\Users\YUKI\Documents\Vivy\real_world_samples\Android\gA_289.jfif,.jfif,720,1502,0.4793608521970706,1502,32.482421875,0.0896957740187645,0.8788962259812355,55483c9787bcf95e7853092a43ffcc4ed79ea36fa35e360f37c4deaa309d7ff7,55483c9787bcf95e7853092a43ffcc4ed79ea36fa35e360f37c4deaa309d7ff7,True,fraudulent,genuine,possible_app_preprocess_mismatch
gA_291.jfif,fraudulent,0.825774,0.16,C:\Users\YUKI\Documents\Vivy\real_world_samples\Android\gA_291.jfif,.jfif,720,1600,0.45,1600,45.2197265625,0.12383969128131866,0.7019343087186813,a4859ac04bcd05b9258735eca67ff5fbde2e07ae1c3f77740618a8e027e30ea4,a4859ac04bcd05b9258735eca67ff5fbde2e07ae1c3f77740618a8e027e30ea4,True,fraudulent,genuine,possible_app_preprocess_mismatch
gA_292.jfif,fraudulent,0.880013,0.16,C:\Users\YUKI\Documents\Vivy\real_world_samples\Android\gA_292.jfif,.jfif,720,1600,0.45,1600,45.09765625,0.17479971051216125,0.7052132894878388,74c93783dbc3c59b159b0ad7654ab1738fe61ff9e82c2c3c0dee25056a5d8cb3,74c93783dbc3c59b159b0ad7654ab1738fe61ff9e82c2c3c0dee25056a5d8cb3,True,fraudulent,fraudulent,possible_app_preprocess_mismatch
gA_303.jfif,fraudulent,0.862783,0.16,C:\Users\YUKI\Documents\Vivy\real_world_samples\Android\gA_303.jfif,.jfif,720,1600,0.45,1600,43.6826171875,0.13081391155719757,0.7319690884428024,01de328f113ea5f44850afcef9272a11f444e91ed2414ebe952ad7cdd4654c2c,01de328f113ea5f44850afcef9272a11f444e91ed2414ebe952ad7cdd4654c2c,True,fraudulent,genuine,possible_app_preprocess_mismatch
gA_304.jfif,fraudulent,0.834348,0.16,C:\Users\YUKI\Documents\Vivy\real_world_samples\Android\gA_304.jfif,.jfif,720,1600,0.45,1600,41.4560546875,0.018244672566652298,0.8161033274333477,769538dcb857495fd0c594120bb60471132c2d0946b5e2b3ce74431537240fcd,769538dcb857495fd0c594120bb60471132c2d0946b5e2b3ce74431537240fcd,True,fraudulent,genuine,possible_app_preprocess_mismatch
gA_305.jfif,fraudulent,0.813714,0.16,C:\Users\YUKI\Documents\Vivy\real_world_samples\Android\gA_305.jfif,.jfif,720,1530,0.47058823529411764,1530,35.45703125,0.037609025835990906,0.7761049741640091,944013b70845623dbc51fde9a6b8e8d5334bd17ecaef2b110242e9ef7eb4e720,944013b70845623dbc51fde9a6b8e8d5334bd17ecaef2b110242e9ef7eb4e720,True,fraudulent,genuine,possible_app_preprocess_mismatch
gA_306.jfif,fraudulent,0.799515,0.16,C:\Users\YUKI\Documents\Vivy\real_world_samples\Android\gA_306.jfif,.jfif,720,1600,0.45,1600,42.84375,0.1866893172264099,0.6128256827735901,e37c8f1bca845c19740c329c06f7e4ee902860825cd11d20084352e8509772f9,e37c8f1bca845c19740c329c06f7e4ee902860825cd11d20084352e8509772f9,True,fraudulent,fraudulent,possible_app_preprocess_mismatch
gA_307.jfif,unclear,0.150729,0.16,C:\Users\YUKI\Documents\Vivy\real_world_samples\Android\gA_307.jfif,.jfif,720,1649,0.4366282595512432,1649,59.37890625,0.00022810287191532552,0.15050089712808468,fd724113e4d0e733254a16f26d54e5bc1429da015ef94cbde6b12c9cdd8329bb,fd724113e4d0e733254a16f26d54e5bc1429da015ef94cbde6b12c9cdd8329bb,True,genuine,genuine,possible_app_preprocess_mismatch
gA_308.jfif,fraudulent,0.884993,0.16,C:\Users\YUKI\Documents\Vivy\real_world_samples\Android\gA_308.jfif,.jfif,720,1600,0.45,1600,43.640625,0.1424674093723297,0.7425255906276703,0e22a1f8f85fe95f40fdfe268bda391c5d87cf4f25d191cfaa90f102641c4898,0e22a1f8f85fe95f40fdfe268bda391c5d87cf4f25d191cfaa90f102641c4898,True,fraudulent,genuine,possible_app_preprocess_mismatch
gA_309.jfif,fraudulent,0.726739,0.16,C:\Users\YUKI\Documents\Vivy\real_world_samples\Android\gA_309.jfif,.jfif,720,1530,0.47058823529411764,1530,32.9697265625,0.039687398821115494,0.6870516011788845,9e11ffefb204781e40045b43ab67b49e7cd21ee26598256967fed7305b571561,9e11ffefb204781e40045b43ab67b49e7cd21ee26598256967fed7305b571561,True,fraudulent,genuine,possible_app_preprocess_mismatch
gA_310.jfif,unclear,0.147257,0.16,C:\Users\YUKI\Documents\Vivy\real_world_samples\Android\gA_310.jfif,.jfif,720,1649,0.4366282595512432,1649,35.4189453125,0.0005156983388587832,0.14674130166114122,c1864a8d77371c82ab0ce93092b6f9979ac841bc8b9c604480d85f6f05f02bf8,c1864a8d77371c82ab0ce93092b6f9979ac841bc8b9c604480d85f6f05f02bf8,True,genuine,genuine,possible_app_preprocess_mismatch
gA_311.jfif,fraudulent,0.886251,0.16,C:\Users\YUKI\Documents\Vivy\real_world_samples\Android\gA_311.jfif,.jfif,720,1600,0.45,1600,42.8974609375,0.04133912920951843,0.8449118707904816,860ae71e876612ddbd5905bb9d695ae39cc2dce3ab4b48f4189448405662dab0,860ae71e876612ddbd5905bb9d695ae39cc2dce3ab4b48f4189448405662dab0,True,fraudulent,genuine,possible_app_preprocess_mismatch
gA_312.jfif,fraudulent,0.748633,0.16,C:\Users\YUKI\Documents\Vivy\real_world_samples\Android\gA_312.jfif,.jfif,720,2030,0.35467980295566504,2030,39.2236328125,0.03633049130439758,0.7123025086956024,73a2205b7f1f1315ffaac981af8ce3bbe5bfe3bffb2b3c0a851a75d65464b606,73a2205b7f1f1315ffaac981af8ce3bbe5bfe3bffb2b3c0a851a75d65464b606,True,fraudulent,genuine,possible_app_preprocess_mismatch
gA_313.jfif,unclear,0.114561,0.16,C:\Users\YUKI\Documents\Vivy\real_world_samples\Android\gA_313.jfif,.jfif,620,1448,0.4281767955801105,1448,52.1767578125,0.005821952596306801,0.1087390474036932,8c7d3f3cdbee49027e32670fb65ed2733f52d8c29339c15a2f147e6efe307675,8c7d3f3cdbee49027e32670fb65ed2733f52d8c29339c15a2f147e6efe307675,True,genuine,genuine,possible_app_preprocess_mismatch
gA_314.jfif,fraudulent,0.964265,0.16,C:\Users\YUKI\Documents\Vivy\real_world_samples\Android\gA_314.jfif,.jfif,720,1502,0.4793608521970706,1502,32.92578125,0.030648542568087578,0.9336164574319125,5d3f7d6a414f2f740c332554e6c9732b48c66b618f9e8627db6682c08f235a56,5d3f7d6a414f2f740c332554e6c9732b48c66b618f9e8627db6682c08f235a56,True,fraudulent,genuine,possible_app_preprocess_mismatch
gA_315.jfif,fraudulent,0.936816,0.16,C:\Users\YUKI\Documents\Vivy\real_world_samples\Android\gA_315.jfif,.jfif,900,2045,0.4400977995110024,2045,62.6572265625,0.03832174092531204,0.8984942590746879,7891cd295c217253a10a8c9934bbb7e4f5a5c89b6dec65b6ae226f04ca16c1af,7891cd295c217253a10a8c9934bbb7e4f5a5c89b6dec65b6ae226f04ca16c1af,True,fraudulent,genuine,possible_app_preprocess_mismatch
gA_316.jpg,fraudulent,0.542051,0.16,C:\Users\YUKI\Documents\Vivy\real_world_samples\Android\gA_316.jpg,.jpg,720,1502,0.4793608521970706,1502,47.34765625,0.004563045687973499,0.5374879543120265,dbba31a1af8264d0c1bfb0312df87f7d6ed63c75a7c04a26a422a361c8ab776d,dbba31a1af8264d0c1bfb0312df87f7d6ed63c75a7c04a26a422a361c8ab776d,True,fraudulent,genuine,possible_app_preprocess_mismatch
gA_317.jpg,fraudulent,0.877586,0.16,C:\Users\YUKI\Documents\Vivy\real_world_samples\Android\gA_317.jpg,.jpg,720,1502,0.4793608521970706,1502,47.572265625,0.04699021577835083,0.8305957842216491,87b58a22c20dea3d0b8764d2cc28007a0035e3060dbbe15d520eb64eabb86909,87b58a22c20dea3d0b8764d2cc28007a0035e3060dbbe15d520eb64eabb86909,True,fraudulent,genuine,possible_app_preprocess_mismatch
gA_318.jpg,fraudulent,0.950177,0.16,C:\Users\YUKI\Documents\Vivy\real_world_samples\Android\gA_318.jpg,.jpg,720,1502,0.4793608521970706,1502,47.494140625,0.07382632791996002,0.87635067208004,20361b021de25c1c4e3c66110d74b744b3d5a7b28ab1455ed1955c39927eb033,20361b021de25c1c4e3c66110d74b744b3d5a7b28ab1455ed1955c39927eb033,True,fraudulent,genuine,possible_app_preprocess_mismatch
gA_319.jpg,fraudulent,0.549086,0.16,C:\Users\YUKI\Documents\Vivy\real_world_samples\Android\gA_319.jpg,.jpg,720,2030,0.35467980295566504,2030,54.0498046875,0.022426217794418335,0.5266597822055816,e02ae04d74817756f617320de089fb127ee47d9b2309269ebb6b7d657e7b1a72,e02ae04d74817756f617320de089fb127ee47d9b2309269ebb6b7d657e7b1a72,True,fraudulent,genuine,possible_app_preprocess_mismatch
gA_320.jpg,fraudulent,0.525382,0.16,C:\Users\YUKI\Documents\Vivy\real_world_samples\Android\gA_320.jpg,.jpg,720,1530,0.47058823529411764,1530,49.4892578125,0.023730210959911346,0.5016517890400887,f713b5b091db010dcbd918773c9dd8846b31e21d6c4a0035f27f011008577cd9,f713b5b091db010dcbd918773c9dd8846b31e21d6c4a0035f27f011008577cd9,True,fraudulent,genuine,possible_app_preprocess_mismatch
gA_321.jpg,fraudulent,0.947737,0.16,C:\Users\YUKI\Documents\Vivy\real_world_samples\Android\gA_321.jpg,.jpg,720,1530,0.47058823529411764,1530,50.072265625,0.22781534492969513,0.7199216550703049,b0ab6354b65d4330fea557f55c90e93bcb165333259c76aeb2571a3261039111,b0ab6354b65d4330fea557f55c90e93bcb165333259c76aeb2571a3261039111,True,fraudulent,fraudulent,possible_app_preprocess_mismatch
gA_322.jpg,fraudulent,0.664125,0.16,C:\Users\YUKI\Documents\Vivy\real_world_samples\Android\gA_322.jpg,.jpg,720,2030,0.35467980295566504,2030,52.4775390625,0.029202263802289963,0.63492273619771,998044a64257325de478d726c8001b5235188ecd60211c855a7e559ff74d4df7,998044a64257325de478d726c8001b5235188ecd60211c855a7e559ff74d4df7,True,fraudulent,genuine,possible_app_preprocess_mismatch
gA_323.jpg,fraudulent,0.662863,0.16,C:\Users\YUKI\Documents\Vivy\real_world_samples\Android\gA_323.jpg,.jpg,720,1530,0.47058823529411764,1530,51.6328125,0.018884550780057907,0.6439784492199421,392d3f46f9df64a0af4f6c95ef8f4f3e9c302cc07ef78233ea66de69bc442938,392d3f46f9df64a0af4f6c95ef8f4f3e9c302cc07ef78233ea66de69bc442938,True,fraudulent,genuine,possible_app_preprocess_mismatch
gA_324.jpg,fraudulent,0.907431,0.16,C:\Users\YUKI\Documents\Vivy\real_world_samples\Android\gA_324.jpg,.jpg,720,1530,0.47058823529411764,1530,51.1640625,0.18180745840072632,0.7256235415992737,24e3f217c281f9ce92978e64bc74fc2ef98b0fd514352b0ffe552835c3ae1a2f,24e3f217c281f9ce92978e64bc74fc2ef98b0fd514352b0ffe552835c3ae1a2f,True,fraudulent,fraudulent,possible_app_preprocess_mismatch
gA_327.jpg,fraudulent,0.907195,0.16,C:\Users\YUKI\Documents\Vivy\real_world_samples\Android\gA_327.jpg,.jpg,720,1530,0.47058823529411764,1530,51.0517578125,0.1806214302778244,0.7265735697221756,083b9ed136db7dc394a4098122fa7619785f330f781b64424550ebe43f1c5032,083b9ed136db7dc394a4098122fa7619785f330f781b64424550ebe43f1c5032,True,fraudulent,fraudulent,possible_app_preprocess_mismatch
gA_328.jpg,fraudulent,0.380515,0.16,C:\Users\YUKI\Documents\Vivy\real_world_samples\Android\gA_328.jpg,.jpg,720,2030,0.35467980295566504,2030,53.6572265625,0.014909305609762669,0.3656056943902373,4306e48b03a81596d1d75af14cdcd669f05688a2a25de619745daf803c48560e,4306e48b03a81596d1d75af14cdcd669f05688a2a25de619745daf803c48560e,True,fraudulent,genuine,possible_app_preprocess_mismatch
gA_329.jpg,fraudulent,0.945313,0.16,C:\Users\YUKI\Documents\Vivy\real_world_samples\Android\gA_329.jpg,.jpg,720,1502,0.4793608521970706,1502,49.591796875,0.04990654066205025,0.8954064593379497,2f295ba4e12983c15ceb962a2f835a66ec6a74a749c43259247ee594bc896a5f,2f295ba4e12983c15ceb962a2f835a66ec6a74a749c43259247ee594bc896a5f,True,fraudulent,genuine,possible_app_preprocess_mismatch
gA_330.jpg,fraudulent,0.930981,0.16,C:\Users\YUKI\Documents\Vivy\real_world_samples\Android\gA_330.jpg,.jpg,720,1530,0.47058823529411764,1530,50.79296875,0.10029850155115128,0.8306824984488487,1703d6ed95cd954ebc0eb9f1adfd46e58817bfa3935af2865de70b72e6ca616c,1703d6ed95cd954ebc0eb9f1adfd46e58817bfa3935af2865de70b72e6ca616c,True,fraudulent,genuine,possible_app_preprocess_mismatch
gA_331.jpg,fraudulent,0.802611,0.16,C:\Users\YUKI\Documents\Vivy\real_world_samples\Android\gA_331.jpg,.jpg,720,1502,0.4793608521970706,1502,48.9169921875,0.022371795028448105,0.7802392049715519,668f2208330777f10be4a2fbba0a035f3558c4f80d3516bb127b382f80da84a9,668f2208330777f10be4a2fbba0a035f3558c4f80d3516bb127b382f80da84a9,True,fraudulent,genuine,possible_app_preprocess_mismatch
gA_332.jpg,fraudulent,0.925175,0.16,C:\Users\YUKI\Documents\Vivy\real_world_samples\Android\gA_332.jpg,.jpg,720,1502,0.4793608521970706,1502,48.9833984375,0.032930489629507065,0.8922445103704929,eda87cef5138bd6ed000640c2d2b2909ef7c7c7fa6869c1c45febc77e72e9abe,eda87cef5138bd6ed000640c2d2b2909ef7c7c7fa6869c1c45febc77e72e9abe,True,fraudulent,genuine,possible_app_preprocess_mismatch
gA_333.jpg,fraudulent,0.838878,0.16,C:\Users\YUKI\Documents\Vivy\real_world_samples\Android\gA_333.jpg,.jpg,720,1530,0.47058823529411764,1530,51.1962890625,0.07729610800743103,0.761581891992569,ad1760b598e8d7947461839b79e8b7b1a610e80ae37f422e8fe77ac20627016a,ad1760b598e8d7947461839b79e8b7b1a610e80ae37f422e8fe77ac20627016a,True,fraudulent,genuine,possible_app_preprocess_mismatch
gA_334.jpg,fraudulent,0.959617,0.16,C:\Users\YUKI\Documents\Vivy\real_world_samples\Android\gA_334.jpg,.jpg,720,1502,0.4793608521970706,1502,48.8193359375,0.06732605397701263,0.8922909460229874,26e952a35c0305fc73a7e6b2905980c68d630206061c992f7e8557c9c2d1eb07,26e952a35c0305fc73a7e6b2905980c68d630206061c992f7e8557c9c2d1eb07,True,fraudulent,genuine,possible_app_preprocess_mismatch
gA_335.jpg,fraudulent,0.897403,0.16,C:\Users\YUKI\Documents\Vivy\real_world_samples\Android\gA_335.jpg,.jpg,720,1530,0.47058823529411764,1530,51.1875,0.08218612521886826,0.8152168747811317,fe4c4cec26eb60ee420e3777347f33738aae99ad7950cc324aa4ad2c1ccf5ab8,fe4c4cec26eb60ee420e3777347f33738aae99ad7950cc324aa4ad2c1ccf5ab8,True,fraudulent,genuine,possible_app_preprocess_mismatch
gA_336.jpg,fraudulent,0.904986,0.16,C:\Users\YUKI\Documents\Vivy\real_world_samples\Android\gA_336.jpg,.jpg,720,1530,0.47058823529411764,1530,50.3515625,0.15935593843460083,0.7456300615653991,58aa72ca995260da447ec26fe5ddfcae18e27fb46410f7d5e916fb3a708f34ed,58aa72ca995260da447ec26fe5ddfcae18e27fb46410f7d5e916fb3a708f34ed,True,fraudulent,genuine,possible_app_preprocess_mismatch
gA_337.jpg,fraudulent,0.811104,0.16,C:\Users\YUKI\Documents\Vivy\real_world_samples\Android\gA_337.jpg,.jpg,720,1530,0.47058823529411764,1530,51.2587890625,0.05708742514252663,0.7540165748574734,7299dd0c6ce483073055ad5acd044cdc102d40a6d64f92c180b0006264a07a2c,7299dd0c6ce483073055ad5acd044cdc102d40a6d64f92c180b0006264a07a2c,True,fraudulent,genuine,possible_app_preprocess_mismatch
gA_338.jpg,fraudulent,0.758348,0.16,C:\Users\YUKI\Documents\Vivy\real_world_samples\Android\gA_338.jpg,.jpg,720,1530,0.47058823529411764,1530,51.8544921875,0.044165872037410736,0.7141821279625893,61424261bade9569282fed4b452a1ff527a8f3e93bdbe01d101c3970046ba836,61424261bade9569282fed4b452a1ff527a8f3e93bdbe01d101c3970046ba836,True,fraudulent,genuine,possible_app_preprocess_mismatch
gA_339.jpg,fraudulent,0.95355,0.16,C:\Users\YUKI\Documents\Vivy\real_world_samples\Android\gA_339.jpg,.jpg,720,1530,0.47058823529411764,1530,50.71875,0.28140512108802795,0.672144878911972,808f5ac2513b3edb465dc465956448295f6d8cd959621ac3d1454cf51e2088ae,808f5ac2513b3edb465dc465956448295f6d8cd959621ac3d1454cf51e2088ae,True,fraudulent,fraudulent,possible_app_preprocess_mismatch
gA_340.jpg,fraudulent,0.945495,0.16,C:\Users\YUKI\Documents\Vivy\real_world_samples\Android\gA_340.jpg,.jpg,720,1502,0.4793608521970706,1502,49.3935546875,0.045386847108602524,0.9001081528913975,70d8b5e068de5e37a5bcf01483f17570d0f5121dadc15b2a478ce104f67f3aaa,70d8b5e068de5e37a5bcf01483f17570d0f5121dadc15b2a478ce104f67f3aaa,True,fraudulent,genuine,possible_app_preprocess_mismatch
gA_341.jpg,fraudulent,0.894221,0.16,C:\Users\YUKI\Documents\Vivy\real_world_samples\Android\gA_341.jpg,.jpg,720,1530,0.47058823529411764,1530,50.80859375,0.10681697726249695,0.7874040227375031,d3695dcb8e1297770639d28fa0e89720a18472f40afa6c398831758140f44177,d3695dcb8e1297770639d28fa0e89720a18472f40afa6c398831758140f44177,True,fraudulent,genuine,possible_app_preprocess_mismatch
gA_342.jpg,fraudulent,0.80185,0.16,C:\Users\YUKI\Documents\Vivy\real_world_samples\Android\gA_342.jpg,.jpg,720,1530,0.47058823529411764,1530,51.7265625,0.04490344598889351,0.7569465540111064,8fcbaf392eaf8a8f2050b646ca21a0d33db7af075ea7d8f0172e7aa3ba13e8d4,8fcbaf392eaf8a8f2050b646ca21a0d33db7af075ea7d8f0172e7aa3ba13e8d4,True,fraudulent,genuine,possible_app_preprocess_mismatch
gA_343.jpg,fraudulent,0.913456,0.16,C:\Users\YUKI\Documents\Vivy\real_world_samples\Android\gA_343.jpg,.jpg,720,1502,0.4793608521970706,1502,48.9072265625,0.03337443619966507,0.880081563800335,bf290ba6331b711941179d2d5cd65de7ba97f90632dbd6edef40a07087986244,bf290ba6331b711941179d2d5cd65de7ba97f90632dbd6edef40a07087986244,True,fraudulent,genuine,possible_app_preprocess_mismatch
gA_344.jpg,fraudulent,0.942362,0.16,C:\Users\YUKI\Documents\Vivy\real_world_samples\Android\gA_344.jpg,.jpg,720,1530,0.47058823529411764,1530,50.947265625,0.14588743448257446,0.7964745655174256,f16ec8d9cb7a5682cdf87645fc574fac274815f61060b5d158f7370ec382dbe1,f16ec8d9cb7a5682cdf87645fc574fac274815f61060b5d158f7370ec382dbe1,True,fraudulent,genuine,possible_app_preprocess_mismatch
gA_345.jpg,fraudulent,0.848017,0.16,C:\Users\YUKI\Documents\Vivy\real_world_samples\Android\gA_345.jpg,.jpg,720,1530,0.47058823529411764,1530,51.681640625,0.04658825695514679,0.8014287430448532,a0c0feaa13d7c98c301bc2fc15b732e4d350f13091603d8ac78c8c886b0b0a9b,a0c0feaa13d7c98c301bc2fc15b732e4d350f13091603d8ac78c8c886b0b0a9b,True,fraudulent,genuine,possible_app_preprocess_mismatch
gA_346.jpg,fraudulent,0.950451,0.16,C:\Users\YUKI\Documents\Vivy\real_world_samples\Android\gA_346.jpg,.jpg,720,1502,0.4793608521970706,1502,49.576171875,0.03196433559060097,0.9184866644093991,f469331c6cd90daf9db1b66eb59859173c977ad7eaebb6e3dd42479fb9cff2fb,f469331c6cd90daf9db1b66eb59859173c977ad7eaebb6e3dd42479fb9cff2fb,True,fraudulent,genuine,possible_app_preprocess_mismatch
gA_347.jpg,fraudulent,0.884941,0.16,C:\Users\YUKI\Documents\Vivy\real_world_samples\Android\gA_347.jpg,.jpg,720,1530,0.47058823529411764,1530,51.318359375,0.08797173202037811,0.7969692679796219,8c91a2a5b20afc88325e345d77b902d8ed25030c0fa7120c19634b218cab87b3,8c91a2a5b20afc88325e345d77b902d8ed25030c0fa7120c19634b218cab87b3,True,fraudulent,genuine,possible_app_preprocess_mismatch
gA_348.jpg,fraudulent,0.965972,0.16,C:\Users\YUKI\Documents\Vivy\real_world_samples\Android\gA_348.jpg,.jpg,720,1502,0.4793608521970706,1502,49.5615234375,0.06532339751720428,0.9006486024827958,521c33854e3a415711ed4e9885033db93ffef75dce445f1bb020072c47eed293,521c33854e3a415711ed4e9885033db93ffef75dce445f1bb020072c47eed293,True,fraudulent,genuine,possible_app_preprocess_mismatch
gA_349.jpg,fraudulent,0.738046,0.16,C:\Users\YUKI\Documents\Vivy\real_world_samples\Android\gA_349.jpg,.jpg,720,1530,0.47058823529411764,1530,51.771484375,0.027362152934074402,0.7106838470659256,553801180955165a25128420637406edf93ce982506b7108e7c79ab4b7fdb1be,553801180955165a25128420637406edf93ce982506b7108e7c79ab4b7fdb1be,True,fraudulent,genuine,possible_app_preprocess_mismatch
gA_350.jpg,fraudulent,0.929928,0.16,C:\Users\YUKI\Documents\Vivy\real_world_samples\Android\gA_350.jpg,.jpg,720,1530,0.47058823529411764,1530,51.2607421875,0.1526704877614975,0.7772575122385025,3d713cfc195354e447d84dc18517143dd30664c7ac9239d11e5fe96b0b73b58c,3d713cfc195354e447d84dc18517143dd30664c7ac9239d11e5fe96b0b73b58c,True,fraudulent,genuine,possible_app_preprocess_mismatch
gA_351.jpg,fraudulent,0.902674,0.16,C:\Users\YUKI\Documents\Vivy\real_world_samples\Android\gA_351.jpg,.jpg,720,1530,0.47058823529411764,1530,51.06640625,0.08392594009637833,0.8187480599036216,ffa26e4c8d751951570fc755bbd0e79ce966f3f8e3cfb0e12c4da426c6939254,ffa26e4c8d751951570fc755bbd0e79ce966f3f8e3cfb0e12c4da426c6939254,True,fraudulent,genuine,possible_app_preprocess_mismatch
gA_352.jpg,fraudulent,0.992131,0.16,C:\Users\YUKI\Documents\Vivy\real_world_samples\Android\gA_352.jpg,.jpg,720,1502,0.4793608521970706,1502,49.4580078125,0.3137305974960327,0.6784004025039673,b8c4bf1c592d57b7e89d80d589f7e741871fddc51c3dcc5fc8bef3f1d2daecf0,b8c4bf1c592d57b7e89d80d589f7e741871fddc51c3dcc5fc8bef3f1d2daecf0,True,fraudulent,fraudulent,possible_app_preprocess_mismatch
gA_353.jpg,fraudulent,0.812037,0.16,C:\Users\YUKI\Documents\Vivy\real_world_samples\Android\gA_353.jpg,.jpg,720,1530,0.47058823529411764,1530,50.9990234375,0.06914180517196655,0.7428951948280335,162c1dd95ba957974f69e25bc6095bce86a65006d94a0819e7a98f8d51cdf605,162c1dd95ba957974f69e25bc6095bce86a65006d94a0819e7a98f8d51cdf605,True,fraudulent,genuine,possible_app_preprocess_mismatch
gA_354.jpg,fraudulent,0.818759,0.16,C:\Users\YUKI\Documents\Vivy\real_world_samples\Android\gA_354.jpg,.jpg,720,1530,0.47058823529411764,1530,51.142578125,0.08313170820474625,0.7356272917952538,ea58fbe830395394a1eb27d55fe52f958f59fd00e69a2b8afb16a199cc08c828,ea58fbe830395394a1eb27d55fe52f958f59fd00e69a2b8afb16a199cc08c828,True,fraudulent,genuine,possible_app_preprocess_mismatch
gA_355.jpg,fraudulent,0.74153,0.16,C:\Users\YUKI\Documents\Vivy\real_world_samples\Android\gA_355.jpg,.jpg,720,1530,0.47058823529411764,1530,51.3193359375,0.0648089125752449,0.6767210874247551,85c9e48035dcfd8ed3018d20ef41fd9a81543c65413f77b0846bc8710d7ce3de,85c9e48035dcfd8ed3018d20ef41fd9a81543c65413f77b0846bc8710d7ce3de,True,fraudulent,genuine,possible_app_preprocess_mismatch
gA_356.jpg,fraudulent,0.741655,0.16,C:\Users\YUKI\Documents\Vivy\real_world_samples\Android\gA_356.jpg,.jpg,720,1530,0.47058823529411764,1530,50.658203125,0.054561223834753036,0.6870937761652469,a6445653d7110e88f01d528493a2654766a9972f6ffdfe06ac8ec498c8174e73,a6445653d7110e88f01d528493a2654766a9972f6ffdfe06ac8ec498c8174e73,True,fraudulent,genuine,possible_app_preprocess_mismatch
gA_357.jpg,fraudulent,0.772748,0.16,C:\Users\YUKI\Documents\Vivy\real_world_samples\Android\gA_357.jpg,.jpg,720,1530,0.47058823529411764,1530,51.076171875,0.07312021404504776,0.6996277859549522,46a48f85b90cb62bc7280728474b40db337983d5399d2b2296bfb20176aa9c16,46a48f85b90cb62bc7280728474b40db337983d5399d2b2296bfb20176aa9c16,True,fraudulent,genuine,possible_app_preprocess_mismatch
gA_358.jpg,fraudulent,0.674123,0.16,C:\Users\YUKI\Documents\Vivy\real_world_samples\Android\gA_358.jpg,.jpg,720,1530,0.47058823529411764,1530,51.689453125,0.0559997595846653,0.6181232404153347,2ce49a589facea361a5d2d6a0545e10b11b29392c8b72e850cc9e162d33c79c0,2ce49a589facea361a5d2d6a0545e10b11b29392c8b72e850cc9e162d33c79c0,True,fraudulent,genuine,possible_app_preprocess_mismatch
gA_359.jpg,fraudulent,0.889887,0.16,C:\Users\YUKI\Documents\Vivy\real_world_samples\Android\gA_359.jpg,.jpg,720,1502,0.4793608521970706,1502,49.703125,0.03016604483127594,0.859720955168724,54d7f8cfb045aafadae7e3daef84f62d9f4cf3582a0748f9f3b84330b6818b5a,54d7f8cfb045aafadae7e3daef84f62d9f4cf3582a0748f9f3b84330b6818b5a,True,fraudulent,genuine,possible_app_preprocess_mismatch
gA_360.jpg,fraudulent,0.775804,0.16,C:\Users\YUKI\Documents\Vivy\real_world_samples\Android\gA_360.jpg,.jpg,720,1502,0.4793608521970706,1502,50.5048828125,0.013634365983307362,0.7621696340166927,6c36835aa0d53ab339924616e51a0f0388abca75f551df13496e863a0b1ec709,6c36835aa0d53ab339924616e51a0f0388abca75f551df13496e863a0b1ec709,True,fraudulent,genuine,possible_app_preprocess_mismatch
gA_361.jpg,fraudulent,0.531396,0.16,C:\Users\YUKI\Documents\Vivy\real_world_samples\Android\gA_361.jpg,.jpg,720,1530,0.47058823529411764,1530,49.9296875,0.03483818471431732,0.49655781528568266,fb62023d58320361b6ee5155c88655551a5c2f52c548a5ca7bb5c2071be7e28e,fb62023d58320361b6ee5155c88655551a5c2f52c548a5ca7bb5c2071be7e28e,True,fraudulent,genuine,possible_app_preprocess_mismatch
gA_362.jpg,fraudulent,0.978382,0.16,C:\Users\YUKI\Documents\Vivy\real_world_samples\Android\gA_362.jpg,.jpg,720,1502,0.4793608521970706,1502,51.2763671875,0.03581636771559715,0.9425656322844028,199968bf24858eaf27aa81ad33ee9d14e1eaa691a396dbcc6cc274963c161ca3,199968bf24858eaf27aa81ad33ee9d14e1eaa691a396dbcc6cc274963c161ca3,True,fraudulent,genuine,possible_app_preprocess_mismatch
gA_363.jpg,fraudulent,0.816732,0.16,C:\Users\YUKI\Documents\Vivy\real_world_samples\Android\gA_363.jpg,.jpg,720,1530,0.47058823529411764,1530,52.5205078125,0.03013633005321026,0.7865956699467898,78b62de5e953f70b8d2febfa07dc216250dfbade5503a840d1beafae567c5273,78b62de5e953f70b8d2febfa07dc216250dfbade5503a840d1beafae567c5273,True,fraudulent,genuine,possible_app_preprocess_mismatch
gA_364.jpg,fraudulent,0.861756,0.16,C:\Users\YUKI\Documents\Vivy\real_world_samples\Android\gA_364.jpg,.jpg,720,1530,0.47058823529411764,1530,52.5771484375,0.051125336438417435,0.8106306635615825,c10e632e5e0e8e4cf3cc046d7f73440941915c2b1d8aa6076c5e8f4dd95db821,c10e632e5e0e8e4cf3cc046d7f73440941915c2b1d8aa6076c5e8f4dd95db821,True,fraudulent,genuine,possible_app_preprocess_mismatch
gA_365.jpg,fraudulent,0.788868,0.16,C:\Users\YUKI\Documents\Vivy\real_world_samples\Android\gA_365.jpg,.jpg,720,1530,0.47058823529411764,1530,52.4365234375,0.033041272312402725,0.7558267276875973,6b93e5840677c994da908c58a45e4d2b0844a40fdbc38c0b619016ff72d33869,6b93e5840677c994da908c58a45e4d2b0844a40fdbc38c0b619016ff72d33869,True,fraudulent,genuine,possible_app_preprocess_mismatch
gA_366.jpg,fraudulent,0.799826,0.16,C:\Users\YUKI\Documents\Vivy\real_world_samples\Android\gA_366.jpg,.jpg,720,1530,0.47058823529411764,1530,52.3369140625,0.03007729910314083,0.7697487008968592,eeeb4a9744d9f6c4d8edbfb812a8f0fe4c87a878ca898e91ad4a26bd0fca26a8,eeeb4a9744d9f6c4d8edbfb812a8f0fe4c87a878ca898e91ad4a26bd0fca26a8,True,fraudulent,genuine,possible_app_preprocess_mismatch
gA_367.jpg,fraudulent,0.923348,0.16,C:\Users\YUKI\Documents\Vivy\real_world_samples\Android\gA_367.jpg,.jpg,720,1502,0.4793608521970706,1502,50.7587890625,0.017367402091622353,0.9059805979083776,3dcc5fc963e78c0b3000ce3014f50e76a684b1b4f589a9e3344d64492f88066d,3dcc5fc963e78c0b3000ce3014f50e76a684b1b4f589a9e3344d64492f88066d,True,fraudulent,genuine,possible_app_preprocess_mismatch
gA_368.jpg,fraudulent,0.932007,0.16,C:\Users\YUKI\Documents\Vivy\real_world_samples\Android\gA_368.jpg,.jpg,720,1502,0.4793608521970706,1502,49.71875,0.02570612169802189,0.9063008783019781,963785470380dac9efef67c87593a57ba56b6933ad60046c9a3f8508356af9cd,963785470380dac9efef67c87593a57ba56b6933ad60046c9a3f8508356af9cd,True,fraudulent,genuine,possible_app_preprocess_mismatch
gA_369.jpg,fraudulent,0.959095,0.16,C:\Users\YUKI\Documents\Vivy\real_world_samples\Android\gA_369.jpg,.jpg,720,1530,0.47058823529411764,1530,51.6533203125,0.14818818867206573,0.8109068113279343,05fea7d358ecdad780f191720b8b1ff5d7273755186a9acebf8e117069994bc5,05fea7d358ecdad780f191720b8b1ff5d7273755186a9acebf8e117069994bc5,True,fraudulent,genuine,possible_app_preprocess_mismatch
gA_370.jpg,fraudulent,0.896982,0.16,C:\Users\YUKI\Documents\Vivy\real_world_samples\Android\gA_370.jpg,.jpg,720,1530,0.47058823529411764,1530,50.7509765625,0.08508569002151489,0.811896309978485,4f654dcc66b457b54fa490fd47f22c15806264587e6ae42f610f2a2a28b4b1ea,4f654dcc66b457b54fa490fd47f22c15806264587e6ae42f610f2a2a28b4b1ea,True,fraudulent,genuine,possible_app_preprocess_mismatch
gA_371.jpg,fraudulent,0.895244,0.16,C:\Users\YUKI\Documents\Vivy\real_world_samples\Android\gA_371.jpg,.jpg,720,1530,0.47058823529411764,1530,50.1259765625,0.07339280098676682,0.8218511990132332,27f5389034619e965a073d59a600dfc2ece09f950260bddfde52fa85187c0a00,27f5389034619e965a073d59a600dfc2ece09f950260bddfde52fa85187c0a00,True,fraudulent,genuine,possible_app_preprocess_mismatch
gA_372.jpg,fraudulent,0.917442,0.16,C:\Users\YUKI\Documents\Vivy\real_world_samples\Android\gA_372.jpg,.jpg,720,1502,0.4793608521970706,1502,49.3828125,0.03977540507912636,0.8776665949208736,b16c8639b6bb0db59b8ed8ce0306fab7825375084d5c8fd4da26de0210a3e442,b16c8639b6bb0db59b8ed8ce0306fab7825375084d5c8fd4da26de0210a3e442,True,fraudulent,genuine,possible_app_preprocess_mismatch
gA_373.jpg,fraudulent,0.889333,0.16,C:\Users\YUKI\Documents\Vivy\real_world_samples\Android\gA_373.jpg,.jpg,720,1502,0.4793608521970706,1502,48.7529296875,0.04601089656352997,0.8433221034364701,8269380a06c4dcf276d3261880c86367753fafd6d47093d15967801452760855,8269380a06c4dcf276d3261880c86367753fafd6d47093d15967801452760855,True,fraudulent,genuine,possible_app_preprocess_mismatch
gA_374.jpg,fraudulent,0.88434,0.16,C:\Users\YUKI\Documents\Vivy\real_world_samples\Android\gA_374.jpg,.jpg,720,1530,0.47058823529411764,1530,51.7080078125,0.08549326658248901,0.798846733417511,bab5cd0a0cc3d8e98040f38347b4d7a37cc72f133d406c4df67b6cacd02c98a1,bab5cd0a0cc3d8e98040f38347b4d7a37cc72f133d406c4df67b6cacd02c98a1,True,fraudulent,genuine,possible_app_preprocess_mismatch
gA_375.jpg,fraudulent,0.966117,0.16,C:\Users\YUKI\Documents\Vivy\real_world_samples\Android\gA_375.jpg,.jpg,720,1502,0.4793608521970706,1502,49.5380859375,0.024969026446342468,0.9411479735536575,4e4f7e0e57aa54b8b2f00aed2daa252badf5d92cbd396b4c004f3c804c489bfe,4e4f7e0e57aa54b8b2f00aed2daa252badf5d92cbd396b4c004f3c804c489bfe,True,fraudulent,genuine,possible_app_preprocess_mismatch
gA_376.jpg,fraudulent,0.915319,0.16,C:\Users\YUKI\Documents\Vivy\real_world_samples\Android\gA_376.jpg,.jpg,720,1502,0.4793608521970706,1502,49.8662109375,0.01320918370038271,0.9021098162996173,87b958e6f3e71b0fce59f26216ff9fa417e2a3d00dbec2d1bea8cd3c27a0f1a1,87b958e6f3e71b0fce59f26216ff9fa417e2a3d00dbec2d1bea8cd3c27a0f1a1,True,fraudulent,genuine,possible_app_preprocess_mismatch
gA_377.jpg,fraudulent,0.921001,0.16,C:\Users\YUKI\Documents\Vivy\real_world_samples\Android\gA_377.jpg,.jpg,720,1502,0.4793608521970706,1502,50.185546875,0.014908106997609138,0.9060928930023908,605a85311b5b04f4bde858c815ac5d46c5ee3a7add80833b651600546671cf54,605a85311b5b04f4bde858c815ac5d46c5ee3a7add80833b651600546671cf54,True,fraudulent,genuine,possible_app_preprocess_mismatch
gA_378.jpg,fraudulent,0.906648,0.16,C:\Users\YUKI\Documents\Vivy\real_world_samples\Android\gA_378.jpg,.jpg,720,1530,0.47058823529411764,1530,51.4443359375,0.09243979305028915,0.8142082069497109,66a25d617a6a634fc977c6c1081b3e6434998c9f3fc1a9fc3ade82ea8502fdb1,66a25d617a6a634fc977c6c1081b3e6434998c9f3fc1a9fc3ade82ea8502fdb1,True,fraudulent,genuine,possible_app_preprocess_mismatch
gA_379.jpg,fraudulent,0.919893,0.16,C:\Users\YUKI\Documents\Vivy\real_world_samples\Android\gA_379.jpg,.jpg,720,1530,0.47058823529411764,1530,52.037109375,0.12936821579933167,0.7905247842006683,dcf911560743299732b744be67d279e79132f0246b95bb081efa11ea425646f3,dcf911560743299732b744be67d279e79132f0246b95bb081efa11ea425646f3,True,fraudulent,genuine,possible_app_preprocess_mismatch
gA_380.jpg,fraudulent,0.778161,0.16,C:\Users\YUKI\Documents\Vivy\real_world_samples\Android\gA_380.jpg,.jpg,720,1530,0.47058823529411764,1530,51.369140625,0.03026079200208187,0.7479002079979181,d70bce6af89d853557e0827964b0f846f00595ce37ce779343867c043e353a27,d70bce6af89d853557e0827964b0f846f00595ce37ce779343867c043e353a27,True,fraudulent,genuine,possible_app_preprocess_mismatch
gA_381.jpg,fraudulent,0.764106,0.16,C:\Users\YUKI\Documents\Vivy\real_world_samples\Android\gA_381.jpg,.jpg,720,1502,0.4793608521970706,1502,48.6318359375,0.018810085952281952,0.745295914047718,a9937618bd2f3efdb38d145426ef66e4c9743465b5257d0e8e6007726b0284e4,a9937618bd2f3efdb38d145426ef66e4c9743465b5257d0e8e6007726b0284e4,True,fraudulent,genuine,possible_app_preprocess_mismatch
gA_382.jpg,fraudulent,0.833845,0.16,C:\Users\YUKI\Documents\Vivy\real_world_samples\Android\gA_382.jpg,.jpg,720,1502,0.4793608521970706,1502,48.9716796875,0.029755881056189537,0.8040891189438104,e1ad52639fa69c2b4244906aedb755e23c6435ee758dcb306bc48abe7185e87b,e1ad52639fa69c2b4244906aedb755e23c6435ee758dcb306bc48abe7185e87b,True,fraudulent,genuine,possible_app_preprocess_mismatch
gA_383.jpg,fraudulent,0.887013,0.16,C:\Users\YUKI\Documents\Vivy\real_world_samples\Android\gA_383.jpg,.jpg,720,1530,0.47058823529411764,1530,51.8154296875,0.16538403928279877,0.7216289607172013,66ad56fb61830ec036565e54a7e4570744ed75d9f239413d22aa6f8d7a6c2ac9,66ad56fb61830ec036565e54a7e4570744ed75d9f239413d22aa6f8d7a6c2ac9,True,fraudulent,fraudulent,possible_app_preprocess_mismatch
gA_384.jpg,fraudulent,0.917344,0.16,C:\Users\YUKI\Documents\Vivy\real_world_samples\Android\gA_384.jpg,.jpg,720,1502,0.4793608521970706,1502,50.11328125,0.0409829318523407,0.8763610681476594,87bb3f158d9110b36419b6f720d608b48e7c1e694a6daf6628496ea116911c35,87bb3f158d9110b36419b6f720d608b48e7c1e694a6daf6628496ea116911c35,True,fraudulent,genuine,possible_app_preprocess_mismatch
gA_385.jpg,fraudulent,0.922223,0.16,C:\Users\YUKI\Documents\Vivy\real_world_samples\Android\gA_385.jpg,.jpg,720,1502,0.4793608521970706,1502,49.9716796875,0.05142537131905556,0.8707976286809445,648e804dafa206bf09c7613aa99eca323a2f5bea5578cf17d1df51a175c52693,648e804dafa206bf09c7613aa99eca323a2f5bea5578cf17d1df51a175c52693,True,fraudulent,genuine,possible_app_preprocess_mismatch
gA_386.jpg,fraudulent,0.913914,0.16,C:\Users\YUKI\Documents\Vivy\real_world_samples\Android\gA_386.jpg,.jpg,720,1502,0.4793608521970706,1502,51.0244140625,0.03610173240303993,0.8778122675969601,0acf5461ac44313ff9e86fc4529523556c06fe3fb3216d92fd4c69c65d016dbe,0acf5461ac44313ff9e86fc4529523556c06fe3fb3216d92fd4c69c65d016dbe,True,fraudulent,genuine,possible_app_preprocess_mismatch
gA_387.jpg,fraudulent,0.84662,0.16,C:\Users\YUKI\Documents\Vivy\real_world_samples\Android\gA_387.jpg,.jpg,720,1502,0.4793608521970706,1502,51.0625,0.01823972910642624,0.8283802708935738,d1ba7397725d959504faa893ff41efb78e6622549ea634585353156ff93790c0,d1ba7397725d959504faa893ff41efb78e6622549ea634585353156ff93790c0,True,fraudulent,genuine,possible_app_preprocess_mismatch
gA_388.jpg,fraudulent,0.911815,0.16,C:\Users\YUKI\Documents\Vivy\real_world_samples\Android\gA_388.jpg,.jpg,720,1530,0.47058823529411764,1530,50.7890625,0.25203195214271545,0.6597830478572846,7cd4cfef4871ff7bd10567ce08ecefc7648d538b92c9b71c1fc773435608f442,7cd4cfef4871ff7bd10567ce08ecefc7648d538b92c9b71c1fc773435608f442,True,fraudulent,fraudulent,possible_app_preprocess_mismatch
gA_389.jpg,fraudulent,0.796338,0.16,C:\Users\YUKI\Documents\Vivy\real_world_samples\Android\gA_389.jpg,.jpg,720,1530,0.47058823529411764,1530,53.1337890625,0.09513870626688004,0.70119929373312,62801c102f9912015196b953ba4e5fcd2011279aeb13ef3e8a09125336db7443,62801c102f9912015196b953ba4e5fcd2011279aeb13ef3e8a09125336db7443,True,fraudulent,genuine,possible_app_preprocess_mismatch
gA_390.jpg,fraudulent,0.728151,0.16,C:\Users\YUKI\Documents\Vivy\real_world_samples\Android\gA_390.jpg,.jpg,720,1530,0.47058823529411764,1530,51.43359375,0.039390239864587784,0.6887607601354122,4f8d1f35c2c881ac218a1c6b30a60f1f3c9f60bf32b4d823fa652ce0105edbce,4f8d1f35c2c881ac218a1c6b30a60f1f3c9f60bf32b4d823fa652ce0105edbce,True,fraudulent,genuine,possible_app_preprocess_mismatch
gA_391.jpg,fraudulent,0.841392,0.16,C:\Users\YUKI\Documents\Vivy\real_world_samples\Android\gA_391.jpg,.jpg,720,1502,0.4793608521970706,1502,49.5888671875,0.037667449563741684,0.8037245504362583,9c019b20327ecb9d59783de75b91170e7f48b3934f6543a31abf1fd77e6590b0,9c019b20327ecb9d59783de75b91170e7f48b3934f6543a31abf1fd77e6590b0,True,fraudulent,genuine,possible_app_preprocess_mismatch
gA_392.jpg,fraudulent,0.881328,0.16,C:\Users\YUKI\Documents\Vivy\real_world_samples\Android\gA_392.jpg,.jpg,720,1502,0.4793608521970706,1502,49.1533203125,0.026022525504231453,0.8553054744957685,7b7395fd6d2b4bbdb723ce3d134ab22652d4b2852d8b06433dc094670c2ecb9e,7b7395fd6d2b4bbdb723ce3d134ab22652d4b2852d8b06433dc094670c2ecb9e,True,fraudulent,genuine,possible_app_preprocess_mismatch
gA_393.jpg,fraudulent,0.873471,0.16,C:\Users\YUKI\Documents\Vivy\real_world_samples\Android\gA_393.jpg,.jpg,720,1502,0.4793608521970706,1502,49.2978515625,0.024455750361084938,0.8490152496389151,a56d88b05d7e121254159355c1d37f9b2e1088c827aa2977561dc999be613f3f,a56d88b05d7e121254159355c1d37f9b2e1088c827aa2977561dc999be613f3f,True,fraudulent,genuine,possible_app_preprocess_mismatch
gA_394.jpg,fraudulent,0.798894,0.16,C:\Users\YUKI\Documents\Vivy\real_world_samples\Android\gA_394.jpg,.jpg,720,1530,0.47058823529411764,1530,50.857421875,0.05135732889175415,0.7475366711082458,4de9cda96f78f2e402d9f4b49329c69886a9056d82b4ba036e121c6fcb6f2df5,4de9cda96f78f2e402d9f4b49329c69886a9056d82b4ba036e121c6fcb6f2df5,True,fraudulent,genuine,possible_app_preprocess_mismatch
gA_395.jpg,fraudulent,0.902181,0.16,C:\Users\YUKI\Documents\Vivy\real_world_samples\Android\gA_395.jpg,.jpg,720,1502,0.4793608521970706,1502,49.0146484375,0.02424626424908638,0.8779347357509136,daa3bf6540edf8c2b0503994f3d8e6b086a8fc0b4b1fc8ae6d3308e1b03452eb,daa3bf6540edf8c2b0503994f3d8e6b086a8fc0b4b1fc8ae6d3308e1b03452eb,True,fraudulent,genuine,possible_app_preprocess_mismatch
gA_396.jpg,fraudulent,0.852387,0.16,C:\Users\YUKI\Documents\Vivy\real_world_samples\Android\gA_396.jpg,.jpg,720,1502,0.4793608521970706,1502,48.7724609375,0.01503489539027214,0.8373521046097279,e44b8e9547250163241afc90866fbaa68050f1acfe90ec76bcc13744aa825166,e44b8e9547250163241afc90866fbaa68050f1acfe90ec76bcc13744aa825166,True,fraudulent,genuine,possible_app_preprocess_mismatch
gA_397.jpg,fraudulent,0.883106,0.16,C:\Users\YUKI\Documents\Vivy\real_world_samples\Android\gA_397.jpg,.jpg,720,1530,0.47058823529411764,1530,50.99609375,0.08612269908189774,0.7969833009181022,ce19bc1f8b577d8af4fb88cda537fbbe877fb6784941f86ce0eb25f968bfc003,ce19bc1f8b577d8af4fb88cda537fbbe877fb6784941f86ce0eb25f968bfc003,True,fraudulent,genuine,possible_app_preprocess_mismatch
gA_398.jfif,fraudulent,0.260483,0.16,C:\Users\YUKI\Documents\Vivy\real_world_samples\Android\gA_398.jfif,.jfif,720,1649,0.4366282595512432,1649,45.6455078125,0.00027123760082758963,0.26021176239917243,d9974fe1adb94756b29ce3c07f3934f1cea0402ea586313d190e882452778cf8,d9974fe1adb94756b29ce3c07f3934f1cea0402ea586313d190e882452778cf8,True,fraudulent,genuine,possible_app_preprocess_mismatch
gA_399.jfif,fraudulent,0.574777,0.16,C:\Users\YUKI\Documents\Vivy\real_world_samples\Android\gA_399.jfif,.jfif,720,1530,0.47058823529411764,1530,32.99609375,0.02231873758137226,0.5524582624186277,b1c892d536550b0807f52a5b492608cc360eb2ffbffe217e8588312c5ccdbc40,b1c892d536550b0807f52a5b492608cc360eb2ffbffe217e8588312c5ccdbc40,True,fraudulent,genuine,possible_app_preprocess_mismatch
gA_400.jfif,genuine,0.050217,0.16,C:\Users\YUKI\Documents\Vivy\real_world_samples\Android\gA_400.jfif,.jfif,720,1649,0.4366282595512432,1649,35.365234375,0.00015325039566960186,0.050063749604330396,e0a9c58cabf0f6b475a2c441d7ef70ee62bccb807a1a76f3648db0074857d99e,e0a9c58cabf0f6b475a2c441d7ef70ee62bccb807a1a76f3648db0074857d99e,True,genuine,genuine,possible_app_preprocess_mismatch
gI_249.jpg,fraudulent,0.222603,0.16,C:\Users\YUKI\Documents\Vivy\real_world_samples\iOS\gI_249.jpg,.jpg,828,1792,0.46205357142857145,1792,76.5908203125,0.009719526395201683,0.2128834736047983,4bad4c0f7389a77a39e5f37b1aef5b42b0ccb312f5ec442b1f1558272db4cd5d,4bad4c0f7389a77a39e5f37b1aef5b42b0ccb312f5ec442b1f1558272db4cd5d,True,fraudulent,genuine,possible_app_preprocess_mismatch
gI_285.JPEG,fraudulent,0.433849,0.16,C:\Users\YUKI\Documents\Vivy\real_world_samples\iOS\gI_285.JPEG,.jpeg,945,2048,0.46142578125,2048,67.2578125,0.018742233514785767,0.4151067664852142,084a1b2a391c7c5ff555811874c8b95568e17e71ad8a0039bf3fe5d850ed22f7,084a1b2a391c7c5ff555811874c8b95568e17e71ad8a0039bf3fe5d850ed22f7,True,fraudulent,genuine,possible_app_preprocess_mismatch
gI_288.JPEG,fraudulent,0.407527,0.16,C:\Users\YUKI\Documents\Vivy\real_world_samples\iOS\gI_288.JPEG,.jpeg,945,2048,0.46142578125,2048,62.5966796875,0.02105708234012127,0.3864699176598787,cc2b89aa5bb368ed99c22ab9b660196791e48c3645c405cf8d5d8087b014aefb,cc2b89aa5bb368ed99c22ab9b660196791e48c3645c405cf8d5d8087b014aefb,True,fraudulent,genuine,possible_app_preprocess_mismatch
gI_289.JPEG,fraudulent,0.57827,0.16,C:\Users\YUKI\Documents\Vivy\real_world_samples\iOS\gI_289.JPEG,.jpeg,1054,2046,0.5151515151515151,2046,66.6357421875,0.007087352219969034,0.5711826477800309,d91397f0afb32f960b7fadf1343aab016dc8181dc178bfc030cb98226f7b7ae6,d91397f0afb32f960b7fadf1343aab016dc8181dc178bfc030cb98226f7b7ae6,True,fraudulent,genuine,possible_app_preprocess_mismatch
gI_290.jpg,fraudulent,0.464957,0.16,C:\Users\YUKI\Documents\Vivy\real_world_samples\iOS\gI_290.jpg,.jpg,828,1792,0.46205357142857145,1792,75.353515625,0.019075388088822365,0.44588161191117764,dc9246aa3e4ae120179e0c19fed1873da9b324b74a0123491b73db9aab946d2f,dc9246aa3e4ae120179e0c19fed1873da9b324b74a0123491b73db9aab946d2f,True,fraudulent,genuine,possible_app_preprocess_mismatch
gI_291.JPEG,fraudulent,0.970806,0.16,C:\Users\YUKI\Documents\Vivy\real_world_samples\iOS\gI_291.JPEG,.jpeg,945,2048,0.46142578125,2048,75.5966796875,0.07773811370134354,0.8930678862986564,8e8bb45f7434ed9da18b970b4f5d090d1ed71d949884f20ac6c13f288cbfe864,8e8bb45f7434ed9da18b970b4f5d090d1ed71d949884f20ac6c13f288cbfe864,True,fraudulent,genuine,possible_app_preprocess_mismatch
gI_292.jpg,unclear,0.150858,0.16,C:\Users\YUKI\Documents\Vivy\real_world_samples\iOS\gI_292.jpg,.jpg,828,1792,0.46205357142857145,1792,76.556640625,0.01158454641699791,0.13927345358300208,48da0ceea7059433cee37f2dc51c828c6105a94a231407da806065402e4fad89,48da0ceea7059433cee37f2dc51c828c6105a94a231407da806065402e4fad89,True,genuine,genuine,possible_app_preprocess_mismatch
gI_293.JPEG,fraudulent,0.666256,0.16,C:\Users\YUKI\Documents\Vivy\real_world_samples\iOS\gI_293.JPEG,.jpeg,828,1608,0.5149253731343284,1608,43.9287109375,0.020214751362800598,0.6460412486371994,464b0522332519e04ab8d0ece3002f5f3fabbd3f98f554aa85af83ee6c6c498f,464b0522332519e04ab8d0ece3002f5f3fabbd3f98f554aa85af83ee6c6c498f,True,fraudulent,genuine,possible_app_preprocess_mismatch
gI_294.jpg,fraudulent,0.458843,0.16,C:\Users\YUKI\Documents\Vivy\real_world_samples\iOS\gI_294.jpg,.jpg,828,1792,0.46205357142857145,1792,77.755859375,0.0268323365598917,0.4320106634401083,8f6b19580b43e31d015b5a744fbe9362834e84f3afceab5cf0b295946a2bf7f7,8f6b19580b43e31d015b5a744fbe9362834e84f3afceab5cf0b295946a2bf7f7,True,fraudulent,genuine,possible_app_preprocess_mismatch
gI_295.JPEG,fraudulent,0.264211,0.16,C:\Users\YUKI\Documents\Vivy\real_world_samples\iOS\gI_295.JPEG,.jpeg,1290,2796,0.4613733905579399,2796,100.52734375,0.01360352337360382,0.25060747662639615,34994da62540b0d4241449841959a470f7d65724820dbd13c3ef45fbc6c1f0c1,34994da62540b0d4241449841959a470f7d65724820dbd13c3ef45fbc6c1f0c1,True,fraudulent,genuine,possible_app_preprocess_mismatch
gI_296.JPEG,fraudulent,0.671884,0.16,C:\Users\YUKI\Documents\Vivy\real_world_samples\iOS\gI_296.JPEG,.jpeg,1054,2046,0.5151515151515151,2046,64.5244140625,0.005899813026189804,0.6659841869738102,ba716892d35448032db488269f39d0ca1942694e3245a92148e1934ae8374f24,ba716892d35448032db488269f39d0ca1942694e3245a92148e1934ae8374f24,True,fraudulent,genuine,possible_app_preprocess_mismatch
gI_297.jpg,unclear,0.153993,0.16,C:\Users\YUKI\Documents\Vivy\real_world_samples\iOS\gI_297.jpg,.jpg,828,1792,0.46205357142857145,1792,76.578125,0.011315163224935532,0.14267783677506446,030f542100c1c607af16a6fca254a9291a9673f0562968fb81d01185c23d079e,030f542100c1c607af16a6fca254a9291a9673f0562968fb81d01185c23d079e,True,genuine,genuine,possible_app_preprocess_mismatch
gI_298.jpg,genuine,0.077659,0.16,C:\Users\YUKI\Documents\Vivy\real_world_samples\iOS\gI_298.jpg,.jpg,828,1792,0.46205357142857145,1792,69.666015625,0.011374760419130325,0.06628423958086968,3c47513c9fa20f54ce16610c568ed4ff05040c4e6e2fc7512795c05f31b75187,3c47513c9fa20f54ce16610c568ed4ff05040c4e6e2fc7512795c05f31b75187,True,genuine,genuine,possible_app_preprocess_mismatch
gI_300.jpg,fraudulent,0.267975,0.16,C:\Users\YUKI\Documents\Vivy\real_world_samples\iOS\gI_300.jpg,.jpg,828,1792,0.46205357142857145,1792,77.2041015625,0.018356166779994965,0.24961883322000505,3d2a65ea19aadbe6db893a4ca7e63e07ed370f7cb25356e9501102cbdab8e383,3d2a65ea19aadbe6db893a4ca7e63e07ed370f7cb25356e9501102cbdab8e383,True,fraudulent,genuine,possible_app_preprocess_mismatch
gI_301.JPEG,fraudulent,0.304591,0.16,C:\Users\YUKI\Documents\Vivy\real_world_samples\iOS\gI_301.JPEG,.jpeg,945,2048,0.46142578125,2048,64.1220703125,0.008078114129602909,0.2965128858703971,98b6a827a885e21a56bf18c92056fd2f76adabb3087854e8b0ae0e1159c10a4a,98b6a827a885e21a56bf18c92056fd2f76adabb3087854e8b0ae0e1159c10a4a,True,fraudulent,genuine,possible_app_preprocess_mismatch
gI_302.JPEG,fraudulent,0.882595,0.16,C:\Users\YUKI\Documents\Vivy\real_world_samples\iOS\gI_302.JPEG,.jpeg,1055,2048,0.51513671875,2048,72.5087890625,0.002601201878860593,0.8799937981211394,97c40d5ac60e4159742c5bdba35cf9e7d373a1a31f08993a0cb854ff7e50424a,97c40d5ac60e4159742c5bdba35cf9e7d373a1a31f08993a0cb854ff7e50424a,True,fraudulent,genuine,possible_app_preprocess_mismatch
gI_303.JPEG,fraudulent,0.33322,0.16,C:\Users\YUKI\Documents\Vivy\real_world_samples\iOS\gI_303.JPEG,.jpeg,828,1608,0.5149253731343284,1608,42.296875,0.009652993641793728,0.3235670063582063,00420736f0687b2db05bab82f88d16a049fdad8072d97fd1ca1189e88205b974,00420736f0687b2db05bab82f88d16a049fdad8072d97fd1ca1189e88205b974,True,fraudulent,genuine,possible_app_preprocess_mismatch
gI_304.JPEG,fraudulent,0.301807,0.16,C:\Users\YUKI\Documents\Vivy\real_world_samples\iOS\gI_304.JPEG,.jpeg,828,1792,0.46205357142857145,1792,50.5576171875,0.015840230509638786,0.2859667694903612,51ce1eaf2d12f45fe7fb8ce1642c2c09e64c2ec530a95a1465a5f749a58bde78,51ce1eaf2d12f45fe7fb8ce1642c2c09e64c2ec530a95a1465a5f749a58bde78,True,fraudulent,genuine,possible_app_preprocess_mismatch
gI_305.JPEG,fraudulent,0.674175,0.16,C:\Users\YUKI\Documents\Vivy\real_world_samples\iOS\gI_305.JPEG,.jpeg,945,2048,0.46142578125,2048,80.0361328125,0.014735307544469833,0.6594396924555301,b4121113fefb6028a525bf6c119382196a4d19f4edbf27ed2994c70738c0443c,b4121113fefb6028a525bf6c119382196a4d19f4edbf27ed2994c70738c0443c,True,fraudulent,genuine,possible_app_preprocess_mismatch
gI_306.JPEG,fraudulent,0.589469,0.16,C:\Users\YUKI\Documents\Vivy\real_world_samples\iOS\gI_306.JPEG,.jpeg,828,1608,0.5149253731343284,1608,39.861328125,0.02121155336499214,0.5682574466350079,1db188aab21d9fcf6a5511cbb76584863f0c5791f3e6238329a640f919bd11bb,1db188aab21d9fcf6a5511cbb76584863f0c5791f3e6238329a640f919bd11bb,True,fraudulent,genuine,possible_app_preprocess_mismatch
gI_307.JPEG,fraudulent,0.247345,0.16,C:\Users\YUKI\Documents\Vivy\real_world_samples\iOS\gI_307.JPEG,.jpeg,945,2048,0.46142578125,2048,66.11328125,0.009773113764822483,0.23757188623517753,9db6bd048fe211fce77443046263ec8f00976cf0582c574b0bf8f221ad835204,9db6bd048fe211fce77443046263ec8f00976cf0582c574b0bf8f221ad835204,True,fraudulent,genuine,possible_app_preprocess_mismatch
gI_308.JPEG,fraudulent,0.344793,0.16,C:\Users\YUKI\Documents\Vivy\real_world_samples\iOS\gI_308.JPEG,.jpeg,1290,2796,0.4613733905579399,2796,106.05078125,0.008881690911948681,0.33591130908805134,cd6e8853cce9f71e5a6b709af4faff096cfb10a519ea106e1f8b0cda71b21024,cd6e8853cce9f71e5a6b709af4faff096cfb10a519ea106e1f8b0cda71b21024,True,fraudulent,genuine,possible_app_preprocess_mismatch
gI_310.JPEG,fraudulent,0.24813,0.16,C:\Users\YUKI\Documents\Vivy\real_world_samples\iOS\gI_310.JPEG,.jpeg,828,1792,0.46205357142857145,1792,53.548828125,0.007460244931280613,0.24066975506871938,69a8a59f60a49a5144c39134a692ac0c524a7b724896a2b5f744f94f222bf009,69a8a59f60a49a5144c39134a692ac0c524a7b724896a2b5f744f94f222bf009,True,fraudulent,genuine,possible_app_preprocess_mismatch
gI_311.JPEG,fraudulent,0.674789,0.16,C:\Users\YUKI\Documents\Vivy\real_world_samples\iOS\gI_311.JPEG,.jpeg,945,2048,0.46142578125,2048,56.7734375,0.028799526393413544,0.6459894736065864,4c2fe819fc51688000568d99e63e78c2934d6d72ec2ba13c6f6101164f0d3057,4c2fe819fc51688000568d99e63e78c2934d6d72ec2ba13c6f6101164f0d3057,True,fraudulent,genuine,possible_app_preprocess_mismatch
gI_312.JPEG,fraudulent,0.682108,0.16,C:\Users\YUKI\Documents\Vivy\real_world_samples\iOS\gI_312.JPEG,.jpeg,1054,2046,0.5151515151515151,2046,65.5400390625,0.010752764530479908,0.6713552354695201,bea5327476d51017176581f32608323611a4708feb7fbf55794754d58dfd41f2,bea5327476d51017176581f32608323611a4708feb7fbf55794754d58dfd41f2,True,fraudulent,genuine,possible_app_preprocess_mismatch
gI_313.JPEG,fraudulent,0.504269,0.16,C:\Users\YUKI\Documents\Vivy\real_world_samples\iOS\gI_313.JPEG,.jpeg,1054,2046,0.5151515151515151,2046,64.544921875,0.01542644202709198,0.488842557972908,94b842fec08f35e6b99d5bdb07f206b161ede7d4e793ce5e18c789e3a5947bbd,94b842fec08f35e6b99d5bdb07f206b161ede7d4e793ce5e18c789e3a5947bbd,True,fraudulent,genuine,possible_app_preprocess_mismatch
gI_314.JPEG,fraudulent,0.400095,0.16,C:\Users\YUKI\Documents\Vivy\real_world_samples\iOS\gI_314.JPEG,.jpeg,1054,2046,0.5151515151515151,2046,67.9453125,0.0011541172862052917,0.3989408827137947,d49fa6ebb09745e8d3dfc723a82375712d3d25ceb467d599449edf0c7fa52110,d49fa6ebb09745e8d3dfc723a82375712d3d25ceb467d599449edf0c7fa52110,True,fraudulent,genuine,possible_app_preprocess_mismatch
gI_315.JPEG,unclear,0.163217,0.16,C:\Users\YUKI\Documents\Vivy\real_world_samples\iOS\gI_315.JPEG,.jpeg,1054,2048,0.5146484375,2048,69.4326171875,0.003545101499184966,0.15967189850081503,da3fc9dc38625186db44f9e21b9ef184c60bbeea40a7b6be46e1964261f3b442,da3fc9dc38625186db44f9e21b9ef184c60bbeea40a7b6be46e1964261f3b442,True,fraudulent,genuine,possible_app_preprocess_mismatch
gI_316.JPEG,fraudulent,0.305215,0.16,C:\Users\YUKI\Documents\Vivy\real_world_samples\iOS\gI_316.JPEG,.jpeg,1049,2048,0.51220703125,2048,54.8603515625,0.015459293499588966,0.28975570650041105,fc6a225b3b2b494a7e21942c2de80b8c4babc23dcc1bdd3ebd9eb53be666dc2a,fc6a225b3b2b494a7e21942c2de80b8c4babc23dcc1bdd3ebd9eb53be666dc2a,True,fraudulent,genuine,possible_app_preprocess_mismatch
gI_318.JPEG,fraudulent,0.486218,0.16,C:\Users\YUKI\Documents\Vivy\real_world_samples\iOS\gI_318.JPEG,.jpeg,828,1608,0.5149253731343284,1608,42.34765625,0.0022395614068955183,0.48397843859310447,e0dcbda836c2b361de4c08ad81067f92a6ea2ee08418371568aed4b36b0d9e55,e0dcbda836c2b361de4c08ad81067f92a6ea2ee08418371568aed4b36b0d9e55,True,fraudulent,genuine,possible_app_preprocess_mismatch
gI_319.JPEG,fraudulent,0.313217,0.16,C:\Users\YUKI\Documents\Vivy\real_world_samples\iOS\gI_319.JPEG,.jpeg,828,1792,0.46205357142857145,1792,51.068359375,0.029529830440878868,0.28368716955912116,16ceb07601daa0157eb60bb97ade937a017925a9ad3c78adf87faa9dcc3c52b1,16ceb07601daa0157eb60bb97ade937a017925a9ad3c78adf87faa9dcc3c52b1,True,fraudulent,genuine,possible_app_preprocess_mismatch
gI_320.JPEG,fraudulent,0.24334,0.16,C:\Users\YUKI\Documents\Vivy\real_world_samples\iOS\gI_320.JPEG,.jpeg,945,2048,0.46142578125,2048,64.9853515625,0.010851677507162094,0.2324883224928379,1ce9bb4ca983db37c29dfd7aec6d9479c0b363e53cb64e83dd6f48ae5339392f,1ce9bb4ca983db37c29dfd7aec6d9479c0b363e53cb64e83dd6f48ae5339392f,True,fraudulent,genuine,possible_app_preprocess_mismatch
gI_321.JPEG,unclear,0.112232,0.16,C:\Users\YUKI\Documents\Vivy\real_world_samples\iOS\gI_321.JPEG,.jpeg,1290,2796,0.4613733905579399,2796,99.943359375,0.010347355157136917,0.10188464484286308,a57b04d5bb6dc62f361a6789c446380085928194f81cfdff370d0cbd6d145f7d,a57b04d5bb6dc62f361a6789c446380085928194f81cfdff370d0cbd6d145f7d,True,genuine,genuine,possible_app_preprocess_mismatch
gI_322.JPEG,fraudulent,0.566082,0.16,C:\Users\YUKI\Documents\Vivy\real_world_samples\iOS\gI_322.JPEG,.jpeg,1055,2048,0.51513671875,2048,67.63671875,0.00586278922855854,0.5602192107714414,feefb30c7492ccffc8346611cee4224dbb9b475f031a29677fda31e99a08965d,feefb30c7492ccffc8346611cee4224dbb9b475f031a29677fda31e99a08965d,True,fraudulent,genuine,possible_app_preprocess_mismatch
gI_323.JPEG,fraudulent,0.310062,0.16,C:\Users\YUKI\Documents\Vivy\real_world_samples\iOS\gI_323.JPEG,.jpeg,1290,2796,0.4613733905579399,2796,101.16015625,0.012135074473917484,0.2979269255260825,a52af9a486f87c614d5875fe11e82741653dfe161bb79cbae2fe15c7bf61dd01,a52af9a486f87c614d5875fe11e82741653dfe161bb79cbae2fe15c7bf61dd01,True,fraudulent,genuine,possible_app_preprocess_mismatch
gI_324.JPEG,fraudulent,0.580596,0.16,C:\Users\YUKI\Documents\Vivy\real_world_samples\iOS\gI_324.JPEG,.jpeg,828,1608,0.5149253731343284,1608,42.8017578125,0.0039986311458051205,0.5765973688541949,b5f9c2d61b74659d6a6831d68cec73421676e0ff2b750b12e8024e4716ae0a7e,b5f9c2d61b74659d6a6831d68cec73421676e0ff2b750b12e8024e4716ae0a7e,True,fraudulent,genuine,possible_app_preprocess_mismatch
gI_325.JPEG,fraudulent,0.518858,0.16,C:\Users\YUKI\Documents\Vivy\real_world_samples\iOS\gI_325.JPEG,.jpeg,828,1792,0.46205357142857145,1792,52.416015625,0.015534907579421997,0.503323092420578,4393171ff5f3935dde62223e64a45b56304fde343086422866c064c6d7cbe3ee,4393171ff5f3935dde62223e64a45b56304fde343086422866c064c6d7cbe3ee,True,fraudulent,genuine,possible_app_preprocess_mismatch
gI_326.JPEG,unclear,0.117462,0.16,C:\Users\YUKI\Documents\Vivy\real_world_samples\iOS\gI_326.JPEG,.jpeg,1290,2796,0.4613733905579399,2796,98.1669921875,0.009040218777954578,0.10842178122204542,5be5a4dbc4b1f0142c8917227d394e59e38f2df7bec2a91fede4a4049c4129bf,5be5a4dbc4b1f0142c8917227d394e59e38f2df7bec2a91fede4a4049c4129bf,True,genuine,genuine,possible_app_preprocess_mismatch
gI_327.JPEG,fraudulent,0.811984,0.16,C:\Users\YUKI\Documents\Vivy\real_world_samples\iOS\gI_327.JPEG,.jpeg,1054,2048,0.5146484375,2048,66.8193359375,0.003776570549234748,0.8082074294507653,477dca8cc8f70a876243f8f861a6a38c4e6b8390af9a1816415be4cb29da27a3,477dca8cc8f70a876243f8f861a6a38c4e6b8390af9a1816415be4cb29da27a3,True,fraudulent,genuine,possible_app_preprocess_mismatch
gI_328.JPEG,fraudulent,0.772609,0.16,C:\Users\YUKI\Documents\Vivy\real_world_samples\iOS\gI_328.JPEG,.jpeg,1055,2048,0.51513671875,2048,74.83984375,0.00220653903670609,0.7704024609632939,575e616048c404ea0ebe3cb75112830b5e7b3000f8914c585a27834f0b9617c4,575e616048c404ea0ebe3cb75112830b5e7b3000f8914c585a27834f0b9617c4,True,fraudulent,genuine,possible_app_preprocess_mismatch
gI_329.JPEG,fraudulent,0.550907,0.16,C:\Users\YUKI\Documents\Vivy\real_world_samples\iOS\gI_329.JPEG,.jpeg,828,1792,0.46205357142857145,1792,51.9208984375,0.03280983492732048,0.5180971650726796,48347fac7844c412b24d1c7bcef80a826071cc36ffd5ce8ef5166e1f903a17ec,48347fac7844c412b24d1c7bcef80a826071cc36ffd5ce8ef5166e1f903a17ec,True,fraudulent,genuine,possible_app_preprocess_mismatch
gI_330.JPEG,fraudulent,0.847203,0.16,C:\Users\YUKI\Documents\Vivy\real_world_samples\iOS\gI_330.JPEG,.jpeg,1054,2046,0.5151515151515151,2046,64.283203125,0.04563001170754433,0.8015729882924557,8642ff59582936a55b6d5d95b2989b89a94f9665ee332142033641faf059442f,8642ff59582936a55b6d5d95b2989b89a94f9665ee332142033641faf059442f,True,fraudulent,genuine,possible_app_preprocess_mismatch
gI_331.JPEG,fraudulent,0.847203,0.16,C:\Users\YUKI\Documents\Vivy\real_world_samples\iOS\gI_331.JPEG,.jpeg,1054,2046,0.5151515151515151,2046,64.283203125,0.04563001170754433,0.8015729882924557,8642ff59582936a55b6d5d95b2989b89a94f9665ee332142033641faf059442f,8642ff59582936a55b6d5d95b2989b89a94f9665ee332142033641faf059442f,True,fraudulent,genuine,possible_app_preprocess_mismatch
gI_332.JPEG,fraudulent,0.542742,0.16,C:\Users\YUKI\Documents\Vivy\real_world_samples\iOS\gI_332.JPEG,.jpeg,1063,2048,0.51904296875,2048,64.7607421875,0.008805700577795506,0.5339362994222044,7bd4c05ae878c8c062c33ada6276e4ede6d6f30b747f54412d8887ecc4750734,7bd4c05ae878c8c062c33ada6276e4ede6d6f30b747f54412d8887ecc4750734,True,fraudulent,genuine,possible_app_preprocess_mismatch
gI_333.JPEG,fraudulent,0.786205,0.16,C:\Users\YUKI\Documents\Vivy\real_world_samples\iOS\gI_333.JPEG,.jpeg,828,1608,0.5149253731343284,1608,41.162109375,0.01037921104580164,0.7758257889541984,227520d2cbef79d1e4bf4ed31cad702b845dfe9319e75ce23f5077060d12168d,227520d2cbef79d1e4bf4ed31cad702b845dfe9319e75ce23f5077060d12168d,True,fraudulent,genuine,possible_app_preprocess_mismatch
gI_334.JPEG,fraudulent,0.639218,0.16,C:\Users\YUKI\Documents\Vivy\real_world_samples\iOS\gI_334.JPEG,.jpeg,828,1608,0.5149253731343284,1608,41.5107421875,0.004272595513612032,0.6349454044863879,7a32d5b2c0fc28788fb164f86a4416725838d9f14f5f58e508dc2461d31cc1d6,7a32d5b2c0fc28788fb164f86a4416725838d9f14f5f58e508dc2461d31cc1d6,True,fraudulent,genuine,possible_app_preprocess_mismatch
gI_335.JPEG,unclear,0.139975,0.16,C:\Users\YUKI\Documents\Vivy\real_world_samples\iOS\gI_335.JPEG,.jpeg,945,2048,0.46142578125,2048,84.1533203125,0.00012860081915277988,0.1398463991808472,4fd0775ce1a194b749f2770c50707e035456a10381f565cea006927bb3f3e32b,4fd0775ce1a194b749f2770c50707e035456a10381f565cea006927bb3f3e32b,True,genuine,genuine,possible_app_preprocess_mismatch
gI_336.JPEG,fraudulent,0.520225,0.16,C:\Users\YUKI\Documents\Vivy\real_world_samples\iOS\gI_336.JPEG,.jpeg,1055,2048,0.51513671875,2048,66.708984375,0.005316293798387051,0.514908706201613,9e33046a814c973480c2872838fb3af1bb91fb119a1ffb41c598a5c98c104e4e,9e33046a814c973480c2872838fb3af1bb91fb119a1ffb41c598a5c98c104e4e,True,fraudulent,genuine,possible_app_preprocess_mismatch
gI_337.JPEG,fraudulent,0.861463,0.16,C:\Users\YUKI\Documents\Vivy\real_world_samples\iOS\gI_337.JPEG,.jpeg,1054,2048,0.5146484375,2048,67.583984375,0.003999032080173492,0.8574639679198265,215da845de58f568d1884d62687aad9187476a6fac66b58d3abafab5dd68879e,215da845de58f568d1884d62687aad9187476a6fac66b58d3abafab5dd68879e,True,fraudulent,genuine,possible_app_preprocess_mismatch
gI_338.JPEG,fraudulent,0.917384,0.16,C:\Users\YUKI\Documents\Vivy\real_world_samples\iOS\gI_338.JPEG,.jpeg,1055,2048,0.51513671875,2048,76.51953125,0.009900372475385666,0.9074836275246143,629556911409797213ebce3a54275bccf2268d665488ae5720cf4240f3a9ee68,629556911409797213ebce3a54275bccf2268d665488ae5720cf4240f3a9ee68,True,fraudulent,genuine,possible_app_preprocess_mismatch
gI_339.JPEG,fraudulent,0.695363,0.16,C:\Users\YUKI\Documents\Vivy\real_world_samples\iOS\gI_339.JPEG,.jpeg,1054,2046,0.5151515151515151,2046,64.4072265625,0.021040983498096466,0.6743220165019035,77d694370a82d88839f379adf527d6feae07d124eb5cf31ae59f72062713ec86,77d694370a82d88839f379adf527d6feae07d124eb5cf31ae59f72062713ec86,True,fraudulent,genuine,possible_app_preprocess_mismatch
gI_340.JPEG,fraudulent,0.680536,0.16,C:\Users\YUKI\Documents\Vivy\real_world_samples\iOS\gI_340.JPEG,.jpeg,828,1608,0.5149253731343284,1608,40.1435546875,0.00959080457687378,0.6709451954231263,23de7da8a80d45c607cef56ad0cce061c113f8c0f0c471b917ff941b8d32bd79,23de7da8a80d45c607cef56ad0cce061c113f8c0f0c471b917ff941b8d32bd79,True,fraudulent,genuine,possible_app_preprocess_mismatch
gI_341.JPEG,fraudulent,0.680536,0.16,C:\Users\YUKI\Documents\Vivy\real_world_samples\iOS\gI_341.JPEG,.jpeg,828,1608,0.5149253731343284,1608,40.1435546875,0.00959080457687378,0.6709451954231263,23de7da8a80d45c607cef56ad0cce061c113f8c0f0c471b917ff941b8d32bd79,23de7da8a80d45c607cef56ad0cce061c113f8c0f0c471b917ff941b8d32bd79,True,fraudulent,genuine,possible_app_preprocess_mismatch
gI_342.JPEG,fraudulent,0.680536,0.16,C:\Users\YUKI\Documents\Vivy\real_world_samples\iOS\gI_342.JPEG,.jpeg,828,1608,0.5149253731343284,1608,40.1435546875,0.00959080457687378,0.6709451954231263,23de7da8a80d45c607cef56ad0cce061c113f8c0f0c471b917ff941b8d32bd79,23de7da8a80d45c607cef56ad0cce061c113f8c0f0c471b917ff941b8d32bd79,True,fraudulent,genuine,possible_app_preprocess_mismatch
gI_343.JPEG,unclear,0.136814,0.16,C:\Users\YUKI\Documents\Vivy\real_world_samples\iOS\gI_343.JPEG,.jpeg,1290,2796,0.4613733905579399,2796,105.3359375,0.0023519457317888737,0.13446205426821112,8ae9c36b4fcb34c63096718c58fa6937c725ac532bcb97a99e2a0d3a8e66afdf,8ae9c36b4fcb34c63096718c58fa6937c725ac532bcb97a99e2a0d3a8e66afdf,True,genuine,genuine,possible_app_preprocess_mismatch
gI_345.JPEG,fraudulent,0.414513,0.16,C:\Users\YUKI\Documents\Vivy\real_world_samples\iOS\gI_345.JPEG,.jpeg,945,2048,0.46142578125,2048,62.705078125,0.015621078200638294,0.3988919217993617,61e6a22a3b53b16e978613ffee1976fd1eb0c9d2a74577cc3aa42ca4db8b900d,61e6a22a3b53b16e978613ffee1976fd1eb0c9d2a74577cc3aa42ca4db8b900d,True,fraudulent,genuine,possible_app_preprocess_mismatch
gI_346.JPEG,fraudulent,0.326486,0.16,C:\Users\YUKI\Documents\Vivy\real_world_samples\iOS\gI_346.JPEG,.jpeg,1055,2048,0.51513671875,2048,65.62109375,0.0040298206731677055,0.3224561793268323,cbb0b7724e7c56ad78770a86fd81650f8f656a2b33369887872cb2b8df648969,cbb0b7724e7c56ad78770a86fd81650f8f656a2b33369887872cb2b8df648969,True,fraudulent,genuine,possible_app_preprocess_mismatch
gI_348.JPEG,fraudulent,0.432758,0.16,C:\Users\YUKI\Documents\Vivy\real_world_samples\iOS\gI_348.JPEG,.jpeg,945,2048,0.46142578125,2048,68.865234375,0.018239084631204605,0.41451891536879537,d6d9580851e94db70a3150f7d48a8dc52f374538445f00d971fc2a1bcca14e8e,d6d9580851e94db70a3150f7d48a8dc52f374538445f00d971fc2a1bcca14e8e,True,fraudulent,genuine,possible_app_preprocess_mismatch
gI_349.JPEG,fraudulent,0.650131,0.16,C:\Users\YUKI\Documents\Vivy\real_world_samples\iOS\gI_349.JPEG,.jpeg,828,1792,0.46205357142857145,1792,52.5556640625,0.014404481276869774,0.6357265187231302,1258a14a08293f8072ff487dc24392bf2903832871b3bf5cd91f4512b472341e,1258a14a08293f8072ff487dc24392bf2903832871b3bf5cd91f4512b472341e,True,fraudulent,genuine,possible_app_preprocess_mismatch
gI_350.JPEG,fraudulent,0.391485,0.16,C:\Users\YUKI\Documents\Vivy\real_world_samples\iOS\gI_350.JPEG,.jpeg,945,2048,0.46142578125,2048,62.73828125,0.01337189506739378,0.37811310493260625,100d0a701a54eba5070aa0bc9d5f1647a8864dae3fdcb6ce4aad303643063c31,100d0a701a54eba5070aa0bc9d5f1647a8864dae3fdcb6ce4aad303643063c31,True,fraudulent,genuine,possible_app_preprocess_mismatch
gI_351.JPEG,fraudulent,0.787018,0.16,C:\Users\YUKI\Documents\Vivy\real_world_samples\iOS\gI_351.JPEG,.jpeg,828,1792,0.46205357142857145,1792,52.640625,0.03196795657277107,0.7550500434272289,f4e4c2385dd62e863919cc510ec7565462a96220fce785bb5bb9646d9bb6375f,f4e4c2385dd62e863919cc510ec7565462a96220fce785bb5bb9646d9bb6375f,True,fraudulent,genuine,possible_app_preprocess_mismatch
gI_352.JPEG,fraudulent,0.787018,0.16,C:\Users\YUKI\Documents\Vivy\real_world_samples\iOS\gI_352.JPEG,.jpeg,828,1792,0.46205357142857145,1792,52.640625,0.03196795657277107,0.7550500434272289,f4e4c2385dd62e863919cc510ec7565462a96220fce785bb5bb9646d9bb6375f,f4e4c2385dd62e863919cc510ec7565462a96220fce785bb5bb9646d9bb6375f,True,fraudulent,genuine,possible_app_preprocess_mismatch
gI_353.JPEG,fraudulent,0.274687,0.16,C:\Users\YUKI\Documents\Vivy\real_world_samples\iOS\gI_353.JPEG,.jpeg,1055,2048,0.51513671875,2048,70.34765625,0.002637379104271531,0.2720496208957285,5c4a919bdef3cf00bf3aa431bcc2b68ae188319933c008d28cf2104a1fa7b351,5c4a919bdef3cf00bf3aa431bcc2b68ae188319933c008d28cf2104a1fa7b351,True,fraudulent,genuine,possible_app_preprocess_mismatch
gI_354.JPEG,fraudulent,0.300214,0.16,C:\Users\YUKI\Documents\Vivy\real_world_samples\iOS\gI_354.JPEG,.jpeg,828,1792,0.46205357142857145,1792,54.7998046875,0.010243820957839489,0.2899701790421605,4b9c5a2c1a2ad613bbd56f5f7ae34aec6c84f6aeab2a1e374f7b2c42004021a3,4b9c5a2c1a2ad613bbd56f5f7ae34aec6c84f6aeab2a1e374f7b2c42004021a3,True,fraudulent,genuine,possible_app_preprocess_mismatch
gI_355.JPEG,fraudulent,0.282692,0.16,C:\Users\YUKI\Documents\Vivy\real_world_samples\iOS\gI_355.JPEG,.jpeg,945,2048,0.46142578125,2048,67.599609375,0.005049983970820904,0.2776420160291791,db8fd12156bf986567b59ee91d8cae020b67c8dc87846897256d0baf9ff7879b,db8fd12156bf986567b59ee91d8cae020b67c8dc87846897256d0baf9ff7879b,True,fraudulent,genuine,possible_app_preprocess_mismatch
gI_357.JPEG,unclear,0.122663,0.16,C:\Users\YUKI\Documents\Vivy\real_world_samples\iOS\gI_357.JPEG,.jpeg,828,1792,0.46205357142857145,1792,57.1171875,0.005422346293926239,0.11724065370607376,6193880af3042a5e1908b1add8e7976c6f5fa72e723d5a8a7b6ccdff528fcd89,6193880af3042a5e1908b1add8e7976c6f5fa72e723d5a8a7b6ccdff528fcd89,True,genuine,genuine,possible_app_preprocess_mismatch
gI_358.JPEG,fraudulent,0.913158,0.16,C:\Users\YUKI\Documents\Vivy\real_world_samples\iOS\gI_358.JPEG,.jpeg,1125,2184,0.5151098901098901,2184,73.5419921875,0.006084713153541088,0.9070732868464589,0760263232318fe4f0bf4d4858bdb91fc1172a287322570a54fa26703a0889ac,0760263232318fe4f0bf4d4858bdb91fc1172a287322570a54fa26703a0889ac,True,fraudulent,genuine,possible_app_preprocess_mismatch
gI_359.JPEG,fraudulent,0.939778,0.16,C:\Users\YUKI\Documents\Vivy\real_world_samples\iOS\gI_359.JPEG,.jpeg,1055,2048,0.51513671875,2048,75.9267578125,0.009164437651634216,0.9306135623483658,3aeefe972bd1623c78ed3ae8353effb9c1ef29e57b7668e9fa0235cb54f2db29,3aeefe972bd1623c78ed3ae8353effb9c1ef29e57b7668e9fa0235cb54f2db29,True,fraudulent,genuine,possible_app_preprocess_mismatch
gI_360.JPEG,fraudulent,0.479596,0.16,C:\Users\YUKI\Documents\Vivy\real_world_samples\iOS\gI_360.JPEG,.jpeg,828,1792,0.46205357142857145,1792,51.5400390625,0.0061604054644703865,0.47343559453552964,ea2cda21e18b5953ed8fff968f091da30fb48fa883960ebd02b1d58cb80c5bc4,ea2cda21e18b5953ed8fff968f091da30fb48fa883960ebd02b1d58cb80c5bc4,True,fraudulent,genuine,possible_app_preprocess_mismatch
gI_361.JPEG,fraudulent,0.945729,0.16,C:\Users\YUKI\Documents\Vivy\real_world_samples\iOS\gI_361.JPEG,.jpeg,1055,2048,0.51513671875,2048,76.4814453125,0.012910277582705021,0.932818722417295,5bd5d8ce5ada6cdd041835892389e9ab7f94f509c6148c9550c708a2b2782cda,5bd5d8ce5ada6cdd041835892389e9ab7f94f509c6148c9550c708a2b2782cda,True,fraudulent,genuine,possible_app_preprocess_mismatch
gI_363.JPEG,fraudulent,0.73626,0.16,C:\Users\YUKI\Documents\Vivy\real_world_samples\iOS\gI_363.JPEG,.jpeg,1054,2046,0.5151515151515151,2046,65.8720703125,0.02333827316761017,0.7129217268323899,401dc9c2eb5f9f421c6188cb78e54c07eb49020bc214c86ccdea4d013e5668f9,401dc9c2eb5f9f421c6188cb78e54c07eb49020bc214c86ccdea4d013e5668f9,True,fraudulent,genuine,possible_app_preprocess_mismatch
gI_367.JPEG,fraudulent,0.364705,0.16,C:\Users\YUKI\Documents\Vivy\real_world_samples\iOS\gI_367.JPEG,.jpeg,828,1792,0.46205357142857145,1792,50.2314453125,0.01657230779528618,0.3481326922047138,da27dda60289697c8c70532fec7c0002dcde6a45601cafe9f6c388ecc3b5ab05,da27dda60289697c8c70532fec7c0002dcde6a45601cafe9f6c388ecc3b5ab05,True,fraudulent,genuine,possible_app_preprocess_mismatch
gI_368.JPEG,fraudulent,0.767416,0.16,C:\Users\YUKI\Documents\Vivy\real_world_samples\iOS\gI_368.JPEG,.jpeg,1054,2046,0.5151515151515151,2046,65.2119140625,0.04310881346464157,0.7243071865353584,88413ee17928baeb9321c3f7267b68066fcc5142df3811f1b423269cf70db666,88413ee17928baeb9321c3f7267b68066fcc5142df3811f1b423269cf70db666,True,fraudulent,genuine,possible_app_preprocess_mismatch
gI_369.JPEG,fraudulent,0.904517,0.16,C:\Users\YUKI\Documents\Vivy\real_world_samples\iOS\gI_369.JPEG,.jpeg,1054,2046,0.5151515151515151,2046,61.517578125,0.012346061877906322,0.8921709381220937,49ce7a4acb8b665c4e9b8d71d9c6e32cbe4e98eb811b20182a4d67d160a52570,49ce7a4acb8b665c4e9b8d71d9c6e32cbe4e98eb811b20182a4d67d160a52570,True,fraudulent,genuine,possible_app_preprocess_mismatch
gI_370.JPEG,fraudulent,0.800291,0.16,C:\Users\YUKI\Documents\Vivy\real_world_samples\iOS\gI_370.JPEG,.jpeg,828,1792,0.46205357142857145,1792,53.6064453125,0.06544869393110275,0.7348423060688972,7a531e24f367497bdd57498146dffbb0af90f442c7125a2a2a92726e32843bdb,7a531e24f367497bdd57498146dffbb0af90f442c7125a2a2a92726e32843bdb,True,fraudulent,genuine,possible_app_preprocess_mismatch
gI_373.PNG,fraudulent,0.274886,0.16,C:\Users\YUKI\Documents\Vivy\real_world_samples\iOS\gI_373.PNG,.png,828,1792,0.46205357142857145,1792,102.0498046875,0.017730731517076492,0.2571552684829235,5e5d3ca3b6da381bb19839c77543ab35e4ec3a40c034b3e2b177cc1996c19fcf,5e5d3ca3b6da381bb19839c77543ab35e4ec3a40c034b3e2b177cc1996c19fcf,True,fraudulent,genuine,possible_app_preprocess_mismatch
gI_374.jpg,fraudulent,0.521791,0.16,C:\Users\YUKI\Documents\Vivy\real_world_samples\iOS\gI_374.jpg,.jpg,828,1792,0.46205357142857145,1792,53.1005859375,0.03969211503863335,0.48209888496136666,54377c1642c7225b4fa23a1a359c9f82982142ccf4fe240cc1a8e7de938f8800,54377c1642c7225b4fa23a1a359c9f82982142ccf4fe240cc1a8e7de938f8800,True,fraudulent,genuine,possible_app_preprocess_mismatch
gI_376.jpg,fraudulent,0.910556,0.16,C:\Users\YUKI\Documents\Vivy\real_world_samples\iOS\gI_376.jpg,.jpg,828,1608,0.5149253731343284,1608,46.38671875,0.030915550887584686,0.8796404491124153,734a9193e74b051a172a44c90b8541b6d99f4ebc05f26ce74017d696b7f20271,734a9193e74b051a172a44c90b8541b6d99f4ebc05f26ce74017d696b7f20271,True,fraudulent,genuine,possible_app_preprocess_mismatch
gI_378.jpg,fraudulent,0.575073,0.16,C:\Users\YUKI\Documents\Vivy\real_world_samples\iOS\gI_378.jpg,.jpg,828,1608,0.5149253731343284,1608,46.6201171875,0.015465236268937588,0.5596077637310624,a84c6816cc6d18981566bba81a039513c5b1acd6f7ed2c97398e219fdea8aeb6,a84c6816cc6d18981566bba81a039513c5b1acd6f7ed2c97398e219fdea8aeb6,True,fraudulent,genuine,possible_app_preprocess_mismatch
gI_379.jpg,fraudulent,0.547314,0.16,C:\Users\YUKI\Documents\Vivy\real_world_samples\iOS\gI_379.jpg,.jpg,828,1608,0.5149253731343284,1608,41.3134765625,0.003922836855053902,0.5433911631449461,55c8668e71a3f13c6b81df70eef52c32210d82e91e21f3ca3745e64751fd0528,55c8668e71a3f13c6b81df70eef52c32210d82e91e21f3ca3745e64751fd0528,True,fraudulent,genuine,possible_app_preprocess_mismatch
gI_380.jpg,fraudulent,0.220208,0.16,C:\Users\YUKI\Documents\Vivy\real_world_samples\iOS\gI_380.jpg,.jpg,1055,2048,0.51513671875,2048,90.9365234375,0.0024994444102048874,0.2177085555897951,335d6b5683e67ca903a4a58e091a83809ae3435907fbb59faa49364689965fa6,335d6b5683e67ca903a4a58e091a83809ae3435907fbb59faa49364689965fa6,True,fraudulent,genuine,possible_app_preprocess_mismatch
gI_381.jpg,fraudulent,0.799094,0.16,C:\Users\YUKI\Documents\Vivy\real_world_samples\iOS\gI_381.jpg,.jpg,530,1024,0.517578125,1024,41.7470703125,0.0027959649451076984,0.7962980350548923,688a0fdec92c4275c1335ad1c52477da2e99b0763a30a1a5bcf6ab03b4c114b5,688a0fdec92c4275c1335ad1c52477da2e99b0763a30a1a5bcf6ab03b4c114b5,True,fraudulent,genuine,possible_app_preprocess_mismatch
gI_382.jpg,fraudulent,0.30598,0.16,C:\Users\YUKI\Documents\Vivy\real_world_samples\iOS\gI_382.jpg,.jpg,828,1792,0.46205357142857145,1792,52.1748046875,0.01102090161293745,0.2949590983870625,fc9499a427307cc8554bfe956bb7d72054b940c1045526ef101d8a3ff8a1affd,fc9499a427307cc8554bfe956bb7d72054b940c1045526ef101d8a3ff8a1affd,True,fraudulent,genuine,possible_app_preprocess_mismatch
gI_383.jpg,fraudulent,0.56546,0.16,C:\Users\YUKI\Documents\Vivy\real_world_samples\iOS\gI_383.jpg,.jpg,530,1024,0.517578125,1024,39.875,0.0015362618723884225,0.5639237381276115,51e16e7bcd8b2e886230928584cb9b5893c73a9a97b2958fb3a9acad2f23a469,51e16e7bcd8b2e886230928584cb9b5893c73a9a97b2958fb3a9acad2f23a469,True,fraudulent,genuine,possible_app_preprocess_mismatch
gI_386.jpg,fraudulent,0.26386,0.16,C:\Users\YUKI\Documents\Vivy\real_world_samples\iOS\gI_386.jpg,.jpg,946,2048,0.4619140625,2048,68.9306640625,0.014556003734469414,0.24930399626553057,ea6b5a50f743d57e931b1d674f55aac78f125a57e34b34b41c56aa3193fecfdd,ea6b5a50f743d57e931b1d674f55aac78f125a57e34b34b41c56aa3193fecfdd,True,fraudulent,genuine,possible_app_preprocess_mismatch
gI_391.jpg,fraudulent,0.23956,0.16,C:\Users\YUKI\Documents\Vivy\real_world_samples\iOS\gI_391.jpg,.jpg,1060,2048,0.517578125,2048,71.6171875,0.05421607568860054,0.18534392431139946,6e158d0889c57ea3713a9409c6fb7dc5f0c059c2af17230bf99a06f756a947c4,6e158d0889c57ea3713a9409c6fb7dc5f0c059c2af17230bf99a06f756a947c4,True,fraudulent,genuine,possible_app_preprocess_mismatch
gI_393.jpg,fraudulent,0.629564,0.16,C:\Users\YUKI\Documents\Vivy\real_world_samples\iOS\gI_393.jpg,.jpg,828,1608,0.5149253731343284,1608,51.9619140625,0.0030793838668614626,0.6264846161331385,7c8a3497de633c16f160e743fbbb544b0ae6c451f4b754c5a7769805fd6b5a75,7c8a3497de633c16f160e743fbbb544b0ae6c451f4b754c5a7769805fd6b5a75,True,fraudulent,genuine,possible_app_preprocess_mismatch
gI_394.jpg,fraudulent,0.582631,0.16,C:\Users\YUKI\Documents\Vivy\real_world_samples\iOS\gI_394.jpg,.jpg,828,1792,0.46205357142857145,1792,65.4951171875,0.014042042195796967,0.568588957804203,26408599aff03520f3739c72d6e4b51dd55f448f9def7af96e6c040e6552e552,26408599aff03520f3739c72d6e4b51dd55f448f9def7af96e6c040e6552e552,True,fraudulent,genuine,possible_app_preprocess_mismatch
gI_395.jpg,fraudulent,0.648275,0.16,C:\Users\YUKI\Documents\Vivy\real_world_samples\iOS\gI_395.jpg,.jpg,828,1792,0.46205357142857145,1792,63.3369140625,0.020576391369104385,0.6276986086308957,bc18956162c2a1221aa1e829dc073e72c94194bb0b83ce76cda8a5e7c09a304c,bc18956162c2a1221aa1e829dc073e72c94194bb0b83ce76cda8a5e7c09a304c,True,fraudulent,genuine,possible_app_preprocess_mismatch
