timestamp_iso,filename,result_type,raw_score,threshold,file_path,file_sha256,file_size_bytes,decoded_width,decoded_height
2026-07-12T11:19:55.029547Z,gA_223.jpg,fraudulent,0.223858,0.16,/storage/emulated/0/Android/data/com.example.vivy_app/files/vivy_debug_batch/batch_inbox/gA_223.jpg,5ff244a772dacb5dcc55efbc8a2247513daa7f7670ce3f264abb6ba90f6ce5e2,99790,945,2048
2026-07-12T11:19:59.002946Z,gA_249.jpg,fraudulent,0.965773,0.16,/storage/emulated/0/Android/data/com.example.vivy_app/files/vivy_debug_batch/batch_inbox/gA_249.jpg,a8fd225348148ab9dea9c2a5f44ca87ec71d690fe3cf07b9e2e5abf517cd6ebc,87656,1046,2048
2026-07-12T11:20:02.828269Z,gA_250.jpg,fraudulent,0.953946,0.16,/storage/emulated/0/Android/data/com.example.vivy_app/files/vivy_debug_batch/batch_inbox/gA_250.jpg,f16f3557f31d95d73dd0ac6f0db3b181a169eada1741a050ac5e97c306b3f564,84436,1046,2048
2026-07-12T11:20:06.100181Z,gA_275.jpg,fraudulent,0.962457,0.16,/storage/emulated/0/Android/data/com.example.vivy_app/files/vivy_debug_batch/batch_inbox/gA_275.jpg,7fe107fa6e1a00de3ef67dec58c6a62a86ed1179548936acb816e0ad99129719,70062,1046,2048
2026-07-12T11:20:08.980894Z,gA_276.jfif,fraudulent,0.421063,0.16,/storage/emulated/0/Android/data/com.example.vivy_app/files/vivy_debug_batch/batch_inbox/gA_276.jfif,feca4256a2135318261d0e32f1cf72ce1855b6427ad56540ab32ba5d1db3637c,75852,980,2047
2026-07-12T11:20:11.891399Z,gA_277.jfif,fraudulent,0.421063,0.16,/storage/emulated/0/Android/data/com.example.vivy_app/files/vivy_debug_batch/batch_inbox/gA_277.jfif,feca4256a2135318261d0e32f1cf72ce1855b6427ad56540ab32ba5d1db3637c,75852,980,2047
2026-07-12T11:20:15.294684Z,gA_278.jpg,fraudulent,0.922855,0.16,/storage/emulated/0/Android/data/com.example.vivy_app/files/vivy_debug_batch/batch_inbox/gA_278.jpg,0333c256e8c1bf2164bf2d83775d9b08777c974dd5abc39a846bf5c04233e5f8,85119,1046,2048
2026-07-12T11:20:17.737304Z,gA_279.jfif,unclear,0.161283,0.16,/storage/emulated/0/Android/data/com.example.vivy_app/files/vivy_debug_batch/batch_inbox/gA_279.jfif,ea8a1cd6f02a9d5cd2aa8170d15df83869459a8c7ea61995225c90fe6932e466,60389,784,2045
2026-07-12T11:20:20.803425Z,gA_280.jpg,fraudulent,0.954482,0.16,/storage/emulated/0/Android/data/com.example.vivy_app/files/vivy_debug_batch/batch_inbox/gA_280.jpg,5df33be24f57aac9d7b17ec65fca539ccde1b8768522b2a86daaa7704742c4ec,69923,1046,2048
2026-07-12T11:20:23.745794Z,gA_281.jfif,fraudulent,0.520904,0.16,/storage/emulated/0/Android/data/com.example.vivy_app/files/vivy_debug_batch/batch_inbox/gA_281.jfif,43e184271ffc80d6d066d017ed1b87742882cf9b62308762fd1dd0facdea8115,66569,980,2046
2026-07-12T11:20:25.977612Z,gA_282.jpg,fraudulent,0.999070,0.16,/storage/emulated/0/Android/data/com.example.vivy_app/files/vivy_debug_batch/batch_inbox/gA_282.jpg,38f9d970904e750ed7bee9161cd980232787e2a538dda0bd492caa984e0db976,68091,852,1846
2026-07-12T11:20:27.795899Z,gA_283.jpg,fraudulent,0.979444,0.16,/storage/emulated/0/Android/data/com.example.vivy_app/files/vivy_debug_batch/batch_inbox/gA_283.jpg,1b25629efb92b56d1410fecb8ded812511a1d463ba1faa5d8b1b1099658a7d3d,65362,720,1600
2026-07-12T11:20:29.508891Z,gA_284.jpg,fraudulent,0.625849,0.16,/storage/emulated/0/Android/data/com.example.vivy_app/files/vivy_debug_batch/batch_inbox/gA_284.jpg,7bf288b9938264fb3eecb5f635cce5bdba8fee11309529c848df0fb473ee0b03,79763,720,1600
2026-07-12T11:20:31.184761Z,gA_285.jpg,fraudulent,0.625849,0.16,/storage/emulated/0/Android/data/com.example.vivy_app/files/vivy_debug_batch/batch_inbox/gA_285.jpg,467712d251d54a51128f3c2fa35147786376dfd0af4454e1cd256d42a6b97ac6,74504,720,1600
2026-07-12T11:20:32.938855Z,gA_287.jfif,fraudulent,0.759825,0.16,/storage/emulated/0/Android/data/com.example.vivy_app/files/vivy_debug_batch/batch_inbox/gA_287.jfif,8dfdc574863619cb4e7a2722704ee0bb63f136a98bd1ff39e2d3284b67610e24,44468,720,1600
2026-07-12T11:20:34.728396Z,gA_288.jfif,fraudulent,0.358113,0.16,/storage/emulated/0/Android/data/com.example.vivy_app/files/vivy_debug_batch/batch_inbox/gA_288.jfif,1535868cf34b353d19b1ff36e10b7b9d3481e7dd27a19d078d765932109c159d,37689,720,1675
2026-07-12T11:20:36.491971Z,gA_289.jfif,fraudulent,0.968592,0.16,/storage/emulated/0/Android/data/com.example.vivy_app/files/vivy_debug_batch/batch_inbox/gA_289.jfif,55483c9787bcf95e7853092a43ffcc4ed79ea36fa35e360f37c4deaa309d7ff7,33262,720,1502
2026-07-12T11:20:38.249947Z,gA_291.jfif,fraudulent,0.825774,0.16,/storage/emulated/0/Android/data/com.example.vivy_app/files/vivy_debug_batch/batch_inbox/gA_291.jfif,a4859ac04bcd05b9258735eca67ff5fbde2e07ae1c3f77740618a8e027e30ea4,46305,720,1600
2026-07-12T11:20:40.006086Z,gA_292.jfif,fraudulent,0.880013,0.16,/storage/emulated/0/Android/data/com.example.vivy_app/files/vivy_debug_batch/batch_inbox/gA_292.jfif,74c93783dbc3c59b159b0ad7654ab1738fe61ff9e82c2c3c0dee25056a5d8cb3,46180,720,1600
2026-07-12T11:20:41.769645Z,gA_303.jfif,fraudulent,0.862783,0.16,/storage/emulated/0/Android/data/com.example.vivy_app/files/vivy_debug_batch/batch_inbox/gA_303.jfif,01de328f113ea5f44850afcef9272a11f444e91ed2414ebe952ad7cdd4654c2c,44731,720,1600
2026-07-12T11:20:43.458099Z,gA_304.jfif,fraudulent,0.834348,0.16,/storage/emulated/0/Android/data/com.example.vivy_app/files/vivy_debug_batch/batch_inbox/gA_304.jfif,769538dcb857495fd0c594120bb60471132c2d0946b5e2b3ce74431537240fcd,42451,720,1600
2026-07-12T11:20:45.201056Z,gA_305.jfif,fraudulent,0.813714,0.16,/storage/emulated/0/Android/data/com.example.vivy_app/files/vivy_debug_batch/batch_inbox/gA_305.jfif,944013b70845623dbc51fde9a6b8e8d5334bd17ecaef2b110242e9ef7eb4e720,36308,720,1530
2026-07-12T11:20:46.935338Z,gA_306.jfif,fraudulent,0.799515,0.16,/storage/emulated/0/Android/data/com.example.vivy_app/files/vivy_debug_batch/batch_inbox/gA_306.jfif,e37c8f1bca845c19740c329c06f7e4ee902860825cd11d20084352e8509772f9,43872,720,1600
2026-07-12T11:20:48.780145Z,gA_307.jfif,unclear,0.150729,0.16,/storage/emulated/0/Android/data/com.example.vivy_app/files/vivy_debug_batch/batch_inbox/gA_307.jfif,fd724113e4d0e733254a16f26d54e5bc1429da015ef94cbde6b12c9cdd8329bb,60804,720,1649
2026-07-12T11:20:50.532550Z,gA_308.jfif,fraudulent,0.884993,0.16,/storage/emulated/0/Android/data/com.example.vivy_app/files/vivy_debug_batch/batch_inbox/gA_308.jfif,0e22a1f8f85fe95f40fdfe268bda391c5d87cf4f25d191cfaa90f102641c4898,44688,720,1600
2026-07-12T11:20:52.220010Z,gA_309.jfif,fraudulent,0.726739,0.16,/storage/emulated/0/Android/data/com.example.vivy_app/files/vivy_debug_batch/batch_inbox/gA_309.jfif,9e11ffefb204781e40045b43ab67b49e7cd21ee26598256967fed7305b571561,33761,720,1530
2026-07-12T11:20:54.032833Z,gA_310.jfif,unclear,0.147257,0.16,/storage/emulated/0/Android/data/com.example.vivy_app/files/vivy_debug_batch/batch_inbox/gA_310.jfif,c1864a8d77371c82ab0ce93092b6f9979ac841bc8b9c604480d85f6f05f02bf8,36269,720,1649
2026-07-12T11:20:55.791821Z,gA_311.jfif,fraudulent,0.886251,0.16,/storage/emulated/0/Android/data/com.example.vivy_app/files/vivy_debug_batch/batch_inbox/gA_311.jfif,860ae71e876612ddbd5905bb9d695ae39cc2dce3ab4b48f4189448405662dab0,43927,720,1600
2026-07-12T11:20:57.956335Z,gA_312.jfif,fraudulent,0.748633,0.16,/storage/emulated/0/Android/data/com.example.vivy_app/files/vivy_debug_batch/batch_inbox/gA_312.jfif,73a2205b7f1f1315ffaac981af8ce3bbe5bfe3bffb2b3c0a851a75d65464b606,40165,720,2030
2026-07-12T11:20:59.363225Z,gA_313.jfif,unclear,0.114561,0.16,/storage/emulated/0/Android/data/com.example.vivy_app/files/vivy_debug_batch/batch_inbox/gA_313.jfif,8c7d3f3cdbee49027e32670fb65ed2733f52d8c29339c15a2f147e6efe307675,53429,620,1448
2026-07-12T11:21:01.058140Z,gA_314.jfif,fraudulent,0.964265,0.16,/storage/emulated/0/Android/data/com.example.vivy_app/files/vivy_debug_batch/batch_inbox/gA_314.jfif,5d3f7d6a414f2f740c332554e6c9732b48c66b618f9e8627db6682c08f235a56,33716,720,1502
2026-07-12T11:21:03.800727Z,gA_315.jfif,fraudulent,0.936816,0.16,/storage/emulated/0/Android/data/com.example.vivy_app/files/vivy_debug_batch/batch_inbox/gA_315.jfif,7891cd295c217253a10a8c9934bbb7e4f5a5c89b6dec65b6ae226f04ca16c1af,64161,900,2045
2026-07-12T11:21:05.666865Z,gA_316.jpg,fraudulent,0.542051,0.16,/storage/emulated/0/Android/data/com.example.vivy_app/files/vivy_debug_batch/batch_inbox/gA_316.jpg,dbba31a1af8264d0c1bfb0312df87f7d6ed63c75a7c04a26a422a361c8ab776d,48484,720,1502
2026-07-12T11:21:07.300542Z,gA_317.jpg,fraudulent,0.877586,0.16,/storage/emulated/0/Android/data/com.example.vivy_app/files/vivy_debug_batch/batch_inbox/gA_317.jpg,87b58a22c20dea3d0b8764d2cc28007a0035e3060dbbe15d520eb64eabb86909,48714,720,1502
2026-07-12T11:21:08.953591Z,gA_318.jpg,fraudulent,0.950177,0.16,/storage/emulated/0/Android/data/com.example.vivy_app/files/vivy_debug_batch/batch_inbox/gA_318.jpg,20361b021de25c1c4e3c66110d74b744b3d5a7b28ab1455ed1955c39927eb033,48634,720,1502
2026-07-12T11:21:11.073013Z,gA_319.jpg,fraudulent,0.549086,0.16,/storage/emulated/0/Android/data/com.example.vivy_app/files/vivy_debug_batch/batch_inbox/gA_319.jpg,e02ae04d74817756f617320de089fb127ee47d9b2309269ebb6b7d657e7b1a72,55347,720,2030
2026-07-12T11:21:12.774369Z,gA_320.jpg,fraudulent,0.525382,0.16,/storage/emulated/0/Android/data/com.example.vivy_app/files/vivy_debug_batch/batch_inbox/gA_320.jpg,f713b5b091db010dcbd918773c9dd8846b31e21d6c4a0035f27f011008577cd9,50677,720,1530
2026-07-12T11:21:14.468855Z,gA_321.jpg,fraudulent,0.947737,0.16,/storage/emulated/0/Android/data/com.example.vivy_app/files/vivy_debug_batch/batch_inbox/gA_321.jpg,b0ab6354b65d4330fea557f55c90e93bcb165333259c76aeb2571a3261039111,51274,720,1530
2026-07-12T11:21:17.095022Z,gA_322.jpg,fraudulent,0.664125,0.16,/storage/emulated/0/Android/data/com.example.vivy_app/files/vivy_debug_batch/batch_inbox/gA_322.jpg,998044a64257325de478d726c8001b5235188ecd60211c855a7e559ff74d4df7,53737,720,2030
2026-07-12T11:21:18.838715Z,gA_323.jpg,fraudulent,0.662863,0.16,/storage/emulated/0/Android/data/com.example.vivy_app/files/vivy_debug_batch/batch_inbox/gA_323.jpg,392d3f46f9df64a0af4f6c95ef8f4f3e9c302cc07ef78233ea66de69bc442938,52872,720,1530
2026-07-12T11:21:20.502528Z,gA_324.jpg,fraudulent,0.907431,0.16,/storage/emulated/0/Android/data/com.example.vivy_app/files/vivy_debug_batch/batch_inbox/gA_324.jpg,24e3f217c281f9ce92978e64bc74fc2ef98b0fd514352b0ffe552835c3ae1a2f,52392,720,1530
2026-07-12T11:21:22.209413Z,gA_327.jpg,fraudulent,0.907195,0.16,/storage/emulated/0/Android/data/com.example.vivy_app/files/vivy_debug_batch/batch_inbox/gA_327.jpg,083b9ed136db7dc394a4098122fa7619785f330f781b64424550ebe43f1c5032,52277,720,1530
2026-07-12T11:21:24.329837Z,gA_328.jpg,fraudulent,0.380515,0.16,/storage/emulated/0/Android/data/com.example.vivy_app/files/vivy_debug_batch/batch_inbox/gA_328.jpg,4306e48b03a81596d1d75af14cdcd669f05688a2a25de619745daf803c48560e,54945,720,2030
2026-07-12T11:21:26.006493Z,gA_329.jpg,fraudulent,0.945313,0.16,/storage/emulated/0/Android/data/com.example.vivy_app/files/vivy_debug_batch/batch_inbox/gA_329.jpg,2f295ba4e12983c15ceb962a2f835a66ec6a74a749c43259247ee594bc896a5f,50782,720,1502
2026-07-12T11:21:27.691980Z,gA_330.jpg,fraudulent,0.930981,0.16,/storage/emulated/0/Android/data/com.example.vivy_app/files/vivy_debug_batch/batch_inbox/gA_330.jpg,1703d6ed95cd954ebc0eb9f1adfd46e58817bfa3935af2865de70b72e6ca616c,52012,720,1530
2026-07-12T11:21:30.427703Z,gA_331.jpg,fraudulent,0.802611,0.16,/storage/emulated/0/Android/data/com.example.vivy_app/files/vivy_debug_batch/batch_inbox/gA_331.jpg,668f2208330777f10be4a2fbba0a035f3558c4f80d3516bb127b382f80da84a9,50091,720,1502
2026-07-12T11:21:32.842531Z,gA_332.jpg,fraudulent,0.925175,0.16,/storage/emulated/0/Android/data/com.example.vivy_app/files/vivy_debug_batch/batch_inbox/gA_332.jpg,eda87cef5138bd6ed000640c2d2b2909ef7c7c7fa6869c1c45febc77e72e9abe,50159,720,1502
2026-07-12T11:21:34.830484Z,gA_333.jpg,fraudulent,0.838878,0.16,/storage/emulated/0/Android/data/com.example.vivy_app/files/vivy_debug_batch/batch_inbox/gA_333.jpg,ad1760b598e8d7947461839b79e8b7b1a610e80ae37f422e8fe77ac20627016a,52425,720,1530
2026-07-12T11:21:36.638029Z,gA_334.jpg,fraudulent,0.959617,0.16,/storage/emulated/0/Android/data/com.example.vivy_app/files/vivy_debug_batch/batch_inbox/gA_334.jpg,26e952a35c0305fc73a7e6b2905980c68d630206061c992f7e8557c9c2d1eb07,49991,720,1502
2026-07-12T11:21:38.571915Z,gA_335.jpg,fraudulent,0.897403,0.16,/storage/emulated/0/Android/data/com.example.vivy_app/files/vivy_debug_batch/batch_inbox/gA_335.jpg,fe4c4cec26eb60ee420e3777347f33738aae99ad7950cc324aa4ad2c1ccf5ab8,52416,720,1530
2026-07-12T11:21:40.468314Z,gA_336.jpg,fraudulent,0.904986,0.16,/storage/emulated/0/Android/data/com.example.vivy_app/files/vivy_debug_batch/batch_inbox/gA_336.jpg,58aa72ca995260da447ec26fe5ddfcae18e27fb46410f7d5e916fb3a708f34ed,51560,720,1530
2026-07-12T11:21:42.421343Z,gA_337.jpg,fraudulent,0.811104,0.16,/storage/emulated/0/Android/data/com.example.vivy_app/files/vivy_debug_batch/batch_inbox/gA_337.jpg,7299dd0c6ce483073055ad5acd044cdc102d40a6d64f92c180b0006264a07a2c,52489,720,1530
2026-07-12T11:21:44.307302Z,gA_338.jpg,fraudulent,0.758348,0.16,/storage/emulated/0/Android/data/com.example.vivy_app/files/vivy_debug_batch/batch_inbox/gA_338.jpg,61424261bade9569282fed4b452a1ff527a8f3e93bdbe01d101c3970046ba836,53099,720,1530
2026-07-12T11:21:46.205398Z,gA_339.jpg,fraudulent,0.953550,0.16,/storage/emulated/0/Android/data/com.example.vivy_app/files/vivy_debug_batch/batch_inbox/gA_339.jpg,808f5ac2513b3edb465dc465956448295f6d8cd959621ac3d1454cf51e2088ae,51936,720,1530
2026-07-12T11:21:48.134638Z,gA_340.jpg,fraudulent,0.945495,0.16,/storage/emulated/0/Android/data/com.example.vivy_app/files/vivy_debug_batch/batch_inbox/gA_340.jpg,70d8b5e068de5e37a5bcf01483f17570d0f5121dadc15b2a478ce104f67f3aaa,50579,720,1502
2026-07-12T11:21:49.769335Z,gA_341.jpg,fraudulent,0.894221,0.16,/storage/emulated/0/Android/data/com.example.vivy_app/files/vivy_debug_batch/batch_inbox/gA_341.jpg,d3695dcb8e1297770639d28fa0e89720a18472f40afa6c398831758140f44177,52028,720,1530
2026-07-12T11:21:51.518168Z,gA_342.jpg,fraudulent,0.801850,0.16,/storage/emulated/0/Android/data/com.example.vivy_app/files/vivy_debug_batch/batch_inbox/gA_342.jpg,8fcbaf392eaf8a8f2050b646ca21a0d33db7af075ea7d8f0172e7aa3ba13e8d4,52968,720,1530
2026-07-12T11:21:53.193299Z,gA_343.jpg,fraudulent,0.913456,0.16,/storage/emulated/0/Android/data/com.example.vivy_app/files/vivy_debug_batch/batch_inbox/gA_343.jpg,bf290ba6331b711941179d2d5cd65de7ba97f90632dbd6edef40a07087986244,50081,720,1502
2026-07-12T11:21:54.965179Z,gA_344.jpg,fraudulent,0.942362,0.16,/storage/emulated/0/Android/data/com.example.vivy_app/files/vivy_debug_batch/batch_inbox/gA_344.jpg,f16ec8d9cb7a5682cdf87645fc574fac274815f61060b5d158f7370ec382dbe1,52170,720,1530
2026-07-12T11:21:56.917718Z,gA_345.jpg,fraudulent,0.848017,0.16,/storage/emulated/0/Android/data/com.example.vivy_app/files/vivy_debug_batch/batch_inbox/gA_345.jpg,a0c0feaa13d7c98c301bc2fc15b732e4d350f13091603d8ac78c8c886b0b0a9b,52922,720,1530
2026-07-12T11:21:58.778105Z,gA_346.jpg,fraudulent,0.950451,0.16,/storage/emulated/0/Android/data/com.example.vivy_app/files/vivy_debug_batch/batch_inbox/gA_346.jpg,f469331c6cd90daf9db1b66eb59859173c977ad7eaebb6e3dd42479fb9cff2fb,50766,720,1502
2026-07-12T11:22:00.650977Z,gA_347.jpg,fraudulent,0.884941,0.16,/storage/emulated/0/Android/data/com.example.vivy_app/files/vivy_debug_batch/batch_inbox/gA_347.jpg,8c91a2a5b20afc88325e345d77b902d8ed25030c0fa7120c19634b218cab87b3,52550,720,1530
2026-07-12T11:22:02.432242Z,gA_348.jpg,fraudulent,0.965972,0.16,/storage/emulated/0/Android/data/com.example.vivy_app/files/vivy_debug_batch/batch_inbox/gA_348.jpg,521c33854e3a415711ed4e9885033db93ffef75dce445f1bb020072c47eed293,50751,720,1502
2026-07-12T11:22:04.387827Z,gA_349.jpg,fraudulent,0.738046,0.16,/storage/emulated/0/Android/data/com.example.vivy_app/files/vivy_debug_batch/batch_inbox/gA_349.jpg,553801180955165a25128420637406edf93ce982506b7108e7c79ab4b7fdb1be,53014,720,1530
2026-07-12T11:22:06.303450Z,gA_350.jpg,fraudulent,0.929928,0.16,/storage/emulated/0/Android/data/com.example.vivy_app/files/vivy_debug_batch/batch_inbox/gA_350.jpg,3d713cfc195354e447d84dc18517143dd30664c7ac9239d11e5fe96b0b73b58c,52491,720,1530
2026-07-12T11:22:08.117790Z,gA_351.jpg,fraudulent,0.902674,0.16,/storage/emulated/0/Android/data/com.example.vivy_app/files/vivy_debug_batch/batch_inbox/gA_351.jpg,ffa26e4c8d751951570fc755bbd0e79ce966f3f8e3cfb0e12c4da426c6939254,52292,720,1530
2026-07-12T11:22:09.775562Z,gA_352.jpg,fraudulent,0.992131,0.16,/storage/emulated/0/Android/data/com.example.vivy_app/files/vivy_debug_batch/batch_inbox/gA_352.jpg,b8c4bf1c592d57b7e89d80d589f7e741871fddc51c3dcc5fc8bef3f1d2daecf0,50645,720,1502
2026-07-12T11:22:11.458596Z,gA_353.jpg,fraudulent,0.812037,0.16,/storage/emulated/0/Android/data/com.example.vivy_app/files/vivy_debug_batch/batch_inbox/gA_353.jpg,162c1dd95ba957974f69e25bc6095bce86a65006d94a0819e7a98f8d51cdf605,52223,720,1530
2026-07-12T11:22:13.305527Z,gA_354.jpg,fraudulent,0.818759,0.16,/storage/emulated/0/Android/data/com.example.vivy_app/files/vivy_debug_batch/batch_inbox/gA_354.jpg,ea58fbe830395394a1eb27d55fe52f958f59fd00e69a2b8afb16a199cc08c828,52370,720,1530
2026-07-12T11:22:14.991052Z,gA_355.jpg,fraudulent,0.741530,0.16,/storage/emulated/0/Android/data/com.example.vivy_app/files/vivy_debug_batch/batch_inbox/gA_355.jpg,85c9e48035dcfd8ed3018d20ef41fd9a81543c65413f77b0846bc8710d7ce3de,52551,720,1530
2026-07-12T11:22:16.683671Z,gA_356.jpg,fraudulent,0.741655,0.16,/storage/emulated/0/Android/data/com.example.vivy_app/files/vivy_debug_batch/batch_inbox/gA_356.jpg,a6445653d7110e88f01d528493a2654766a9972f6ffdfe06ac8ec498c8174e73,51874,720,1530
2026-07-12T11:22:18.364699Z,gA_357.jpg,fraudulent,0.772748,0.16,/storage/emulated/0/Android/data/com.example.vivy_app/files/vivy_debug_batch/batch_inbox/gA_357.jpg,46a48f85b90cb62bc7280728474b40db337983d5399d2b2296bfb20176aa9c16,52302,720,1530
2026-07-12T11:22:20.113777Z,gA_358.jpg,fraudulent,0.674123,0.16,/storage/emulated/0/Android/data/com.example.vivy_app/files/vivy_debug_batch/batch_inbox/gA_358.jpg,2ce49a589facea361a5d2d6a0545e10b11b29392c8b72e850cc9e162d33c79c0,52930,720,1530
2026-07-12T11:22:21.709575Z,gA_359.jpg,fraudulent,0.889887,0.16,/storage/emulated/0/Android/data/com.example.vivy_app/files/vivy_debug_batch/batch_inbox/gA_359.jpg,54d7f8cfb045aafadae7e3daef84f62d9f4cf3582a0748f9f3b84330b6818b5a,50896,720,1502
2026-07-12T11:22:23.389322Z,gA_360.jpg,fraudulent,0.775804,0.16,/storage/emulated/0/Android/data/com.example.vivy_app/files/vivy_debug_batch/batch_inbox/gA_360.jpg,6c36835aa0d53ab339924616e51a0f0388abca75f551df13496e863a0b1ec709,51717,720,1502
2026-07-12T11:22:25.127100Z,gA_361.jpg,fraudulent,0.531396,0.16,/storage/emulated/0/Android/data/com.example.vivy_app/files/vivy_debug_batch/batch_inbox/gA_361.jpg,fb62023d58320361b6ee5155c88655551a5c2f52c548a5ca7bb5c2071be7e28e,51128,720,1530
2026-07-12T11:22:26.972971Z,gA_362.jpg,fraudulent,0.978382,0.16,/storage/emulated/0/Android/data/com.example.vivy_app/files/vivy_debug_batch/batch_inbox/gA_362.jpg,199968bf24858eaf27aa81ad33ee9d14e1eaa691a396dbcc6cc274963c161ca3,52507,720,1502
2026-07-12T11:22:28.681865Z,gA_363.jpg,fraudulent,0.816732,0.16,/storage/emulated/0/Android/data/com.example.vivy_app/files/vivy_debug_batch/batch_inbox/gA_363.jpg,78b62de5e953f70b8d2febfa07dc216250dfbade5503a840d1beafae567c5273,53781,720,1530
2026-07-12T11:22:30.418368Z,gA_364.jpg,fraudulent,0.861756,0.16,/storage/emulated/0/Android/data/com.example.vivy_app/files/vivy_debug_batch/batch_inbox/gA_364.jpg,c10e632e5e0e8e4cf3cc046d7f73440941915c2b1d8aa6076c5e8f4dd95db821,53839,720,1530
2026-07-12T11:22:32.169106Z,gA_365.jpg,fraudulent,0.788868,0.16,/storage/emulated/0/Android/data/com.example.vivy_app/files/vivy_debug_batch/batch_inbox/gA_365.jpg,6b93e5840677c994da908c58a45e4d2b0844a40fdbc38c0b619016ff72d33869,53695,720,1530
2026-07-12T11:22:33.821195Z,gA_366.jpg,fraudulent,0.799826,0.16,/storage/emulated/0/Android/data/com.example.vivy_app/files/vivy_debug_batch/batch_inbox/gA_366.jpg,eeeb4a9744d9f6c4d8edbfb812a8f0fe4c87a878ca898e91ad4a26bd0fca26a8,53593,720,1530
2026-07-12T11:22:35.510012Z,gA_367.jpg,fraudulent,0.923348,0.16,/storage/emulated/0/Android/data/com.example.vivy_app/files/vivy_debug_batch/batch_inbox/gA_367.jpg,3dcc5fc963e78c0b3000ce3014f50e76a684b1b4f589a9e3344d64492f88066d,51977,720,1502
2026-07-12T11:22:37.233120Z,gA_368.jpg,fraudulent,0.932007,0.16,/storage/emulated/0/Android/data/com.example.vivy_app/files/vivy_debug_batch/batch_inbox/gA_368.jpg,963785470380dac9efef67c87593a57ba56b6933ad60046c9a3f8508356af9cd,50912,720,1502
2026-07-12T11:22:38.955812Z,gA_369.jpg,fraudulent,0.959095,0.16,/storage/emulated/0/Android/data/com.example.vivy_app/files/vivy_debug_batch/batch_inbox/gA_369.jpg,05fea7d358ecdad780f191720b8b1ff5d7273755186a9acebf8e117069994bc5,52893,720,1530
2026-07-12T11:22:40.716824Z,gA_370.jpg,fraudulent,0.896982,0.16,/storage/emulated/0/Android/data/com.example.vivy_app/files/vivy_debug_batch/batch_inbox/gA_370.jpg,4f654dcc66b457b54fa490fd47f22c15806264587e6ae42f610f2a2a28b4b1ea,51969,720,1530
2026-07-12T11:22:42.458644Z,gA_371.jpg,fraudulent,0.895244,0.16,/storage/emulated/0/Android/data/com.example.vivy_app/files/vivy_debug_batch/batch_inbox/gA_371.jpg,27f5389034619e965a073d59a600dfc2ece09f950260bddfde52fa85187c0a00,51329,720,1530
2026-07-12T11:22:44.157498Z,gA_372.jpg,fraudulent,0.917442,0.16,/storage/emulated/0/Android/data/com.example.vivy_app/files/vivy_debug_batch/batch_inbox/gA_372.jpg,b16c8639b6bb0db59b8ed8ce0306fab7825375084d5c8fd4da26de0210a3e442,50568,720,1502
2026-07-12T11:22:45.749304Z,gA_373.jpg,fraudulent,0.889333,0.16,/storage/emulated/0/Android/data/com.example.vivy_app/files/vivy_debug_batch/batch_inbox/gA_373.jpg,8269380a06c4dcf276d3261880c86367753fafd6d47093d15967801452760855,49923,720,1502
2026-07-12T11:22:47.400501Z,gA_374.jpg,fraudulent,0.884340,0.16,/storage/emulated/0/Android/data/com.example.vivy_app/files/vivy_debug_batch/batch_inbox/gA_374.jpg,bab5cd0a0cc3d8e98040f38347b4d7a37cc72f133d406c4df67b6cacd02c98a1,52949,720,1530
2026-07-12T11:22:49.105651Z,gA_375.jpg,fraudulent,0.966117,0.16,/storage/emulated/0/Android/data/com.example.vivy_app/files/vivy_debug_batch/batch_inbox/gA_375.jpg,4e4f7e0e57aa54b8b2f00aed2daa252badf5d92cbd396b4c004f3c804c489bfe,50727,720,1502
2026-07-12T11:22:50.809728Z,gA_376.jpg,fraudulent,0.915319,0.16,/storage/emulated/0/Android/data/com.example.vivy_app/files/vivy_debug_batch/batch_inbox/gA_376.jpg,87b958e6f3e71b0fce59f26216ff9fa417e2a3d00dbec2d1bea8cd3c27a0f1a1,51063,720,1502
2026-07-12T11:22:52.466072Z,gA_377.jpg,fraudulent,0.921001,0.16,/storage/emulated/0/Android/data/com.example.vivy_app/files/vivy_debug_batch/batch_inbox/gA_377.jpg,605a85311b5b04f4bde858c815ac5d46c5ee3a7add80833b651600546671cf54,51390,720,1502
2026-07-12T11:22:54.151538Z,gA_378.jpg,fraudulent,0.906648,0.16,/storage/emulated/0/Android/data/com.example.vivy_app/files/vivy_debug_batch/batch_inbox/gA_378.jpg,66a25d617a6a634fc977c6c1081b3e6434998c9f3fc1a9fc3ade82ea8502fdb1,52679,720,1530
2026-07-12T11:22:55.929371Z,gA_379.jpg,fraudulent,0.919893,0.16,/storage/emulated/0/Android/data/com.example.vivy_app/files/vivy_debug_batch/batch_inbox/gA_379.jpg,dcf911560743299732b744be67d279e79132f0246b95bb081efa11ea425646f3,53286,720,1530
2026-07-12T11:22:57.720783Z,gA_380.jpg,fraudulent,0.778161,0.16,/storage/emulated/0/Android/data/com.example.vivy_app/files/vivy_debug_batch/batch_inbox/gA_380.jpg,d70bce6af89d853557e0827964b0f846f00595ce37ce779343867c043e353a27,52602,720,1530
2026-07-12T11:22:59.479193Z,gA_381.jpg,fraudulent,0.764106,0.16,/storage/emulated/0/Android/data/com.example.vivy_app/files/vivy_debug_batch/batch_inbox/gA_381.jpg,a9937618bd2f3efdb38d145426ef66e4c9743465b5257d0e8e6007726b0284e4,49799,720,1502
2026-07-12T11:23:01.114962Z,gA_382.jpg,fraudulent,0.833845,0.16,/storage/emulated/0/Android/data/com.example.vivy_app/files/vivy_debug_batch/batch_inbox/gA_382.jpg,e1ad52639fa69c2b4244906aedb755e23c6435ee758dcb306bc48abe7185e87b,50147,720,1502
2026-07-12T11:23:02.799803Z,gA_383.jpg,fraudulent,0.887013,0.16,/storage/emulated/0/Android/data/com.example.vivy_app/files/vivy_debug_batch/batch_inbox/gA_383.jpg,66ad56fb61830ec036565e54a7e4570744ed75d9f239413d22aa6f8d7a6c2ac9,53059,720,1530
2026-07-12T11:23:04.682739Z,gA_384.jpg,fraudulent,0.917344,0.16,/storage/emulated/0/Android/data/com.example.vivy_app/files/vivy_debug_batch/batch_inbox/gA_384.jpg,87bb3f158d9110b36419b6f720d608b48e7c1e694a6daf6628496ea116911c35,51316,720,1502
2026-07-12T11:23:06.449030Z,gA_385.jpg,fraudulent,0.922223,0.16,/storage/emulated/0/Android/data/com.example.vivy_app/files/vivy_debug_batch/batch_inbox/gA_385.jpg,648e804dafa206bf09c7613aa99eca323a2f5bea5578cf17d1df51a175c52693,51171,720,1502
2026-07-12T11:23:08.161600Z,gA_386.jpg,fraudulent,0.913914,0.16,/storage/emulated/0/Android/data/com.example.vivy_app/files/vivy_debug_batch/batch_inbox/gA_386.jpg,0acf5461ac44313ff9e86fc4529523556c06fe3fb3216d92fd4c69c65d016dbe,52249,720,1502
2026-07-12T11:23:10.194322Z,gA_387.jpg,fraudulent,0.846620,0.16,/storage/emulated/0/Android/data/com.example.vivy_app/files/vivy_debug_batch/batch_inbox/gA_387.jpg,d1ba7397725d959504faa893ff41efb78e6622549ea634585353156ff93790c0,52288,720,1502
2026-07-12T11:23:12.122347Z,gA_388.jpg,fraudulent,0.911815,0.16,/storage/emulated/0/Android/data/com.example.vivy_app/files/vivy_debug_batch/batch_inbox/gA_388.jpg,7cd4cfef4871ff7bd10567ce08ecefc7648d538b92c9b71c1fc773435608f442,52008,720,1530
2026-07-12T11:23:13.797705Z,gA_389.jpg,fraudulent,0.796338,0.16,/storage/emulated/0/Android/data/com.example.vivy_app/files/vivy_debug_batch/batch_inbox/gA_389.jpg,62801c102f9912015196b953ba4e5fcd2011279aeb13ef3e8a09125336db7443,54409,720,1530
2026-07-12T11:23:15.445289Z,gA_390.jpg,fraudulent,0.728151,0.16,/storage/emulated/0/Android/data/com.example.vivy_app/files/vivy_debug_batch/batch_inbox/gA_390.jpg,4f8d1f35c2c881ac218a1c6b30a60f1f3c9f60bf32b4d823fa652ce0105edbce,52668,720,1530
2026-07-12T11:23:17.190249Z,gA_391.jpg,fraudulent,0.841392,0.16,/storage/emulated/0/Android/data/com.example.vivy_app/files/vivy_debug_batch/batch_inbox/gA_391.jpg,9c019b20327ecb9d59783de75b91170e7f48b3934f6543a31abf1fd77e6590b0,50779,720,1502
2026-07-12T11:23:19.025917Z,gA_392.jpg,fraudulent,0.881328,0.16,/storage/emulated/0/Android/data/com.example.vivy_app/files/vivy_debug_batch/batch_inbox/gA_392.jpg,7b7395fd6d2b4bbdb723ce3d134ab22652d4b2852d8b06433dc094670c2ecb9e,50333,720,1502
2026-07-12T11:23:20.842572Z,gA_393.jpg,fraudulent,0.873471,0.16,/storage/emulated/0/Android/data/com.example.vivy_app/files/vivy_debug_batch/batch_inbox/gA_393.jpg,a56d88b05d7e121254159355c1d37f9b2e1088c827aa2977561dc999be613f3f,50481,720,1502
2026-07-12T11:23:22.583520Z,gA_394.jpg,fraudulent,0.798894,0.16,/storage/emulated/0/Android/data/com.example.vivy_app/files/vivy_debug_batch/batch_inbox/gA_394.jpg,4de9cda96f78f2e402d9f4b49329c69886a9056d82b4ba036e121c6fcb6f2df5,52078,720,1530
2026-07-12T11:23:24.264284Z,gA_395.jpg,fraudulent,0.902181,0.16,/storage/emulated/0/Android/data/com.example.vivy_app/files/vivy_debug_batch/batch_inbox/gA_395.jpg,daa3bf6540edf8c2b0503994f3d8e6b086a8fc0b4b1fc8ae6d3308e1b03452eb,50191,720,1502
2026-07-12T11:23:25.876823Z,gA_396.jpg,fraudulent,0.852387,0.16,/storage/emulated/0/Android/data/com.example.vivy_app/files/vivy_debug_batch/batch_inbox/gA_396.jpg,e44b8e9547250163241afc90866fbaa68050f1acfe90ec76bcc13744aa825166,49943,720,1502
2026-07-12T11:23:27.616674Z,gA_397.jpg,fraudulent,0.883106,0.16,/storage/emulated/0/Android/data/com.example.vivy_app/files/vivy_debug_batch/batch_inbox/gA_397.jpg,ce19bc1f8b577d8af4fb88cda537fbbe877fb6784941f86ce0eb25f968bfc003,52220,720,1530
2026-07-12T11:23:29.417376Z,gA_398.jfif,fraudulent,0.260483,0.16,/storage/emulated/0/Android/data/com.example.vivy_app/files/vivy_debug_batch/batch_inbox/gA_398.jfif,d9974fe1adb94756b29ce3c07f3934f1cea0402ea586313d190e882452778cf8,46741,720,1649
2026-07-12T11:23:31.129975Z,gA_399.jfif,fraudulent,0.574777,0.16,/storage/emulated/0/Android/data/com.example.vivy_app/files/vivy_debug_batch/batch_inbox/gA_399.jfif,b1c892d536550b0807f52a5b492608cc360eb2ffbffe217e8588312c5ccdbc40,33788,720,1530
2026-07-12T11:23:32.888911Z,gA_400.jfif,genuine,0.050217,0.16,/storage/emulated/0/Android/data/com.example.vivy_app/files/vivy_debug_batch/batch_inbox/gA_400.jfif,e0a9c58cabf0f6b475a2c441d7ef70ee62bccb807a1a76f3648db0074857d99e,36214,720,1649
2026-07-12T11:23:35.043641Z,gI_249.jpg,fraudulent,0.222603,0.16,/storage/emulated/0/Android/data/com.example.vivy_app/files/vivy_debug_batch/batch_inbox/gI_249.jpg,4bad4c0f7389a77a39e5f37b1aef5b42b0ccb312f5ec442b1f1558272db4cd5d,78429,828,1792
2026-07-12T11:23:37.856618Z,gI_285.JPEG,fraudulent,0.433849,0.16,/storage/emulated/0/Android/data/com.example.vivy_app/files/vivy_debug_batch/batch_inbox/gI_285.JPEG,084a1b2a391c7c5ff555811874c8b95568e17e71ad8a0039bf3fe5d850ed22f7,68872,945,2048
2026-07-12T11:23:40.652203Z,gI_288.JPEG,fraudulent,0.407527,0.16,/storage/emulated/0/Android/data/com.example.vivy_app/files/vivy_debug_batch/batch_inbox/gI_288.JPEG,cc2b89aa5bb368ed99c22ab9b660196791e48c3645c405cf8d5d8087b014aefb,64099,945,2048
2026-07-12T11:23:43.856168Z,gI_289.JPEG,fraudulent,0.578270,0.16,/storage/emulated/0/Android/data/com.example.vivy_app/files/vivy_debug_batch/batch_inbox/gI_289.JPEG,d91397f0afb32f960b7fadf1343aab016dc8181dc178bfc030cb98226f7b7ae6,68235,1054,2046
2026-07-12T11:23:46.021181Z,gI_290.jpg,fraudulent,0.464957,0.16,/storage/emulated/0/Android/data/com.example.vivy_app/files/vivy_debug_batch/batch_inbox/gI_290.jpg,dc9246aa3e4ae120179e0c19fed1873da9b324b74a0123491b73db9aab946d2f,77162,828,1792
2026-07-12T11:23:48.828878Z,gI_291.JPEG,fraudulent,0.970806,0.16,/storage/emulated/0/Android/data/com.example.vivy_app/files/vivy_debug_batch/batch_inbox/gI_291.JPEG,8e8bb45f7434ed9da18b970b4f5d090d1ed71d949884f20ac6c13f288cbfe864,77411,945,2048
2026-07-12T11:23:50.931021Z,gI_292.jpg,unclear,0.150858,0.16,/storage/emulated/0/Android/data/com.example.vivy_app/files/vivy_debug_batch/batch_inbox/gI_292.jpg,48da0ceea7059433cee37f2dc51c828c6105a94a231407da806065402e4fad89,78394,828,1792
2026-07-12T11:23:52.831842Z,gI_293.JPEG,fraudulent,0.666256,0.16,/storage/emulated/0/Android/data/com.example.vivy_app/files/vivy_debug_batch/batch_inbox/gI_293.JPEG,464b0522332519e04ab8d0ece3002f5f3fabbd3f98f554aa85af83ee6c6c498f,44983,828,1608
2026-07-12T11:23:55.001490Z,gI_294.jpg,fraudulent,0.458843,0.16,/storage/emulated/0/Android/data/com.example.vivy_app/files/vivy_debug_batch/batch_inbox/gI_294.jpg,8f6b19580b43e31d015b5a744fbe9362834e84f3afceab5cf0b295946a2bf7f7,79622,828,1792
2026-07-12T11:23:59.809970Z,gI_295.JPEG,fraudulent,0.264211,0.16,/storage/emulated/0/Android/data/com.example.vivy_app/files/vivy_debug_batch/batch_inbox/gI_295.JPEG,34994da62540b0d4241449841959a470f7d65724820dbd13c3ef45fbc6c1f0c1,102940,1290,2796
2026-07-12T11:24:02.782404Z,gI_296.JPEG,fraudulent,0.671884,0.16,/storage/emulated/0/Android/data/com.example.vivy_app/files/vivy_debug_batch/batch_inbox/gI_296.JPEG,ba716892d35448032db488269f39d0ca1942694e3245a92148e1934ae8374f24,66073,1054,2046
2026-07-12T11:24:05.103592Z,gI_297.jpg,unclear,0.153993,0.16,/storage/emulated/0/Android/data/com.example.vivy_app/files/vivy_debug_batch/batch_inbox/gI_297.jpg,030f542100c1c607af16a6fca254a9291a9673f0562968fb81d01185c23d079e,78416,828,1792
2026-07-12T11:24:07.316621Z,gI_298.jpg,genuine,0.077659,0.16,/storage/emulated/0/Android/data/com.example.vivy_app/files/vivy_debug_batch/batch_inbox/gI_298.jpg,3c47513c9fa20f54ce16610c568ed4ff05040c4e6e2fc7512795c05f31b75187,71338,828,1792
2026-07-12T11:24:09.459137Z,gI_300.jpg,fraudulent,0.267975,0.16,/storage/emulated/0/Android/data/com.example.vivy_app/files/vivy_debug_batch/batch_inbox/gI_300.jpg,3d2a65ea19aadbe6db893a4ca7e63e07ed370f7cb25356e9501102cbdab8e383,79057,828,1792
2026-07-12T11:24:12.307957Z,gI_301.JPEG,fraudulent,0.304591,0.16,/storage/emulated/0/Android/data/com.example.vivy_app/files/vivy_debug_batch/batch_inbox/gI_301.JPEG,98b6a827a885e21a56bf18c92056fd2f76adabb3087854e8b0ae0e1159c10a4a,65661,945,2048
2026-07-12T11:24:15.448560Z,gI_302.JPEG,fraudulent,0.882595,0.16,/storage/emulated/0/Android/data/com.example.vivy_app/files/vivy_debug_batch/batch_inbox/gI_302.JPEG,97c40d5ac60e4159742c5bdba35cf9e7d373a1a31f08993a0cb854ff7e50424a,74249,1055,2048
2026-07-12T11:24:17.354251Z,gI_303.JPEG,fraudulent,0.333220,0.16,/storage/emulated/0/Android/data/com.example.vivy_app/files/vivy_debug_batch/batch_inbox/gI_303.JPEG,00420736f0687b2db05bab82f88d16a049fdad8072d97fd1ca1189e88205b974,43312,828,1608
2026-07-12T11:24:19.576598Z,gI_304.JPEG,fraudulent,0.301807,0.16,/storage/emulated/0/Android/data/com.example.vivy_app/files/vivy_debug_batch/batch_inbox/gI_304.JPEG,51ce1eaf2d12f45fe7fb8ce1642c2c09e64c2ec530a95a1465a5f749a58bde78,51771,828,1792
2026-07-12T11:24:22.251075Z,gI_305.JPEG,fraudulent,0.674175,0.16,/storage/emulated/0/Android/data/com.example.vivy_app/files/vivy_debug_batch/batch_inbox/gI_305.JPEG,b4121113fefb6028a525bf6c119382196a4d19f4edbf27ed2994c70738c0443c,81957,945,2048
2026-07-12T11:24:24.189344Z,gI_306.JPEG,fraudulent,0.589469,0.16,/storage/emulated/0/Android/data/com.example.vivy_app/files/vivy_debug_batch/batch_inbox/gI_306.JPEG,1db188aab21d9fcf6a5511cbb76584863f0c5791f3e6238329a640f919bd11bb,40818,828,1608
2026-07-12T11:24:27.039850Z,gI_307.JPEG,fraudulent,0.247345,0.16,/storage/emulated/0/Android/data/com.example.vivy_app/files/vivy_debug_batch/batch_inbox/gI_307.JPEG,9db6bd048fe211fce77443046263ec8f00976cf0582c574b0bf8f221ad835204,67700,945,2048
2026-07-12T11:24:31.986362Z,gI_308.JPEG,fraudulent,0.344793,0.16,/storage/emulated/0/Android/data/com.example.vivy_app/files/vivy_debug_batch/batch_inbox/gI_308.JPEG,cd6e8853cce9f71e5a6b709af4faff096cfb10a519ea106e1f8b0cda71b21024,108596,1290,2796
2026-07-12T11:24:34.115539Z,gI_310.JPEG,fraudulent,0.248130,0.16,/storage/emulated/0/Android/data/com.example.vivy_app/files/vivy_debug_batch/batch_inbox/gI_310.JPEG,69a8a59f60a49a5144c39134a692ac0c524a7b724896a2b5f744f94f222bf009,54834,828,1792
2026-07-12T11:24:36.878924Z,gI_311.JPEG,fraudulent,0.674789,0.16,/storage/emulated/0/Android/data/com.example.vivy_app/files/vivy_debug_batch/batch_inbox/gI_311.JPEG,4c2fe819fc51688000568d99e63e78c2934d6d72ec2ba13c6f6101164f0d3057,58136,945,2048
2026-07-12T11:24:39.930401Z,gI_312.JPEG,fraudulent,0.682108,0.16,/storage/emulated/0/Android/data/com.example.vivy_app/files/vivy_debug_batch/batch_inbox/gI_312.JPEG,bea5327476d51017176581f32608323611a4708feb7fbf55794754d58dfd41f2,67113,1054,2046
2026-07-12T11:24:42.928863Z,gI_313.JPEG,fraudulent,0.504269,0.16,/storage/emulated/0/Android/data/com.example.vivy_app/files/vivy_debug_batch/batch_inbox/gI_313.JPEG,94b842fec08f35e6b99d5bdb07f206b161ede7d4e793ce5e18c789e3a5947bbd,66094,1054,2046
2026-07-12T11:24:45.925055Z,gI_314.JPEG,fraudulent,0.400095,0.16,/storage/emulated/0/Android/data/com.example.vivy_app/files/vivy_debug_batch/batch_inbox/gI_314.JPEG,d49fa6ebb09745e8d3dfc723a82375712d3d25ceb467d599449edf0c7fa52110,69576,1054,2046
2026-07-12T11:24:48.952120Z,gI_315.JPEG,unclear,0.163217,0.16,/storage/emulated/0/Android/data/com.example.vivy_app/files/vivy_debug_batch/batch_inbox/gI_315.JPEG,da3fc9dc38625186db44f9e21b9ef184c60bbeea40a7b6be46e1964261f3b442,71099,1054,2048
2026-07-12T11:24:51.924507Z,gI_316.JPEG,fraudulent,0.305215,0.16,/storage/emulated/0/Android/data/com.example.vivy_app/files/vivy_debug_batch/batch_inbox/gI_316.JPEG,fc6a225b3b2b494a7e21942c2de80b8c4babc23dcc1bdd3ebd9eb53be666dc2a,56177,1049,2048
2026-07-12T11:24:53.823729Z,gI_318.JPEG,fraudulent,0.486218,0.16,/storage/emulated/0/Android/data/com.example.vivy_app/files/vivy_debug_batch/batch_inbox/gI_318.JPEG,e0dcbda836c2b361de4c08ad81067f92a6ea2ee08418371568aed4b36b0d9e55,43364,828,1608
2026-07-12T11:24:55.980197Z,gI_319.JPEG,fraudulent,0.313217,0.16,/storage/emulated/0/Android/data/com.example.vivy_app/files/vivy_debug_batch/batch_inbox/gI_319.JPEG,16ceb07601daa0157eb60bb97ade937a017925a9ad3c78adf87faa9dcc3c52b1,52294,828,1792
2026-07-12T11:24:58.730687Z,gI_320.JPEG,fraudulent,0.243340,0.16,/storage/emulated/0/Android/data/com.example.vivy_app/files/vivy_debug_batch/batch_inbox/gI_320.JPEG,1ce9bb4ca983db37c29dfd7aec6d9479c0b363e53cb64e83dd6f48ae5339392f,66545,945,2048
2026-07-12T11:25:03.644264Z,gI_321.JPEG,unclear,0.112232,0.16,/storage/emulated/0/Android/data/com.example.vivy_app/files/vivy_debug_batch/batch_inbox/gI_321.JPEG,a57b04d5bb6dc62f361a6789c446380085928194f81cfdff370d0cbd6d145f7d,102342,1290,2796
2026-07-12T11:25:06.840566Z,gI_322.JPEG,fraudulent,0.566082,0.16,/storage/emulated/0/Android/data/com.example.vivy_app/files/vivy_debug_batch/batch_inbox/gI_322.JPEG,feefb30c7492ccffc8346611cee4224dbb9b475f031a29677fda31e99a08965d,69260,1055,2048
2026-07-12T11:25:11.802418Z,gI_323.JPEG,fraudulent,0.310062,0.16,/storage/emulated/0/Android/data/com.example.vivy_app/files/vivy_debug_batch/batch_inbox/gI_323.JPEG,a52af9a486f87c614d5875fe11e82741653dfe161bb79cbae2fe15c7bf61dd01,103588,1290,2796
2026-07-12T11:25:13.726779Z,gI_324.JPEG,fraudulent,0.580596,0.16,/storage/emulated/0/Android/data/com.example.vivy_app/files/vivy_debug_batch/batch_inbox/gI_324.JPEG,b5f9c2d61b74659d6a6831d68cec73421676e0ff2b750b12e8024e4716ae0a7e,43829,828,1608
2026-07-12T11:25:15.864145Z,gI_325.JPEG,fraudulent,0.518858,0.16,/storage/emulated/0/Android/data/com.example.vivy_app/files/vivy_debug_batch/batch_inbox/gI_325.JPEG,4393171ff5f3935dde62223e64a45b56304fde343086422866c064c6d7cbe3ee,53674,828,1792
2026-07-12T11:25:20.733513Z,gI_326.JPEG,unclear,0.117462,0.16,/storage/emulated/0/Android/data/com.example.vivy_app/files/vivy_debug_batch/batch_inbox/gI_326.JPEG,5be5a4dbc4b1f0142c8917227d394e59e38f2df7bec2a91fede4a4049c4129bf,100523,1290,2796
2026-07-12T11:25:23.721751Z,gI_327.JPEG,fraudulent,0.811984,0.16,/storage/emulated/0/Android/data/com.example.vivy_app/files/vivy_debug_batch/batch_inbox/gI_327.JPEG,477dca8cc8f70a876243f8f861a6a38c4e6b8390af9a1816415be4cb29da27a3,68423,1054,2048
2026-07-12T11:25:26.760634Z,gI_328.JPEG,fraudulent,0.772609,0.16,/storage/emulated/0/Android/data/com.example.vivy_app/files/vivy_debug_batch/batch_inbox/gI_328.JPEG,575e616048c404ea0ebe3cb75112830b5e7b3000f8914c585a27834f0b9617c4,76636,1055,2048
2026-07-12T11:25:28.811933Z,gI_329.JPEG,fraudulent,0.550907,0.16,/storage/emulated/0/Android/data/com.example.vivy_app/files/vivy_debug_batch/batch_inbox/gI_329.JPEG,48347fac7844c412b24d1c7bcef80a826071cc36ffd5ce8ef5166e1f903a17ec,53167,828,1792
2026-07-12T11:25:31.861499Z,gI_330.JPEG,fraudulent,0.847203,0.16,/storage/emulated/0/Android/data/com.example.vivy_app/files/vivy_debug_batch/batch_inbox/gI_330.JPEG,8642ff59582936a55b6d5d95b2989b89a94f9665ee332142033641faf059442f,65826,1054,2046
2026-07-12T11:25:34.896192Z,gI_331.JPEG,fraudulent,0.847203,0.16,/storage/emulated/0/Android/data/com.example.vivy_app/files/vivy_debug_batch/batch_inbox/gI_331.JPEG,8642ff59582936a55b6d5d95b2989b89a94f9665ee332142033641faf059442f,65826,1054,2046
2026-07-12T11:25:37.896225Z,gI_332.JPEG,fraudulent,0.542742,0.16,/storage/emulated/0/Android/data/com.example.vivy_app/files/vivy_debug_batch/batch_inbox/gI_332.JPEG,7bd4c05ae878c8c062c33ada6276e4ede6d6f30b747f54412d8887ecc4750734,66315,1063,2048
2026-07-12T11:25:39.856442Z,gI_333.JPEG,fraudulent,0.786205,0.16,/storage/emulated/0/Android/data/com.example.vivy_app/files/vivy_debug_batch/batch_inbox/gI_333.JPEG,227520d2cbef79d1e4bf4ed31cad702b845dfe9319e75ce23f5077060d12168d,42150,828,1608
2026-07-12T11:25:41.717506Z,gI_334.JPEG,fraudulent,0.639218,0.16,/storage/emulated/0/Android/data/com.example.vivy_app/files/vivy_debug_batch/batch_inbox/gI_334.JPEG,7a32d5b2c0fc28788fb164f86a4416725838d9f14f5f58e508dc2461d31cc1d6,42507,828,1608
2026-07-12T11:25:44.357647Z,gI_335.JPEG,unclear,0.139975,0.16,/storage/emulated/0/Android/data/com.example.vivy_app/files/vivy_debug_batch/batch_inbox/gI_335.JPEG,4fd0775ce1a194b749f2770c50707e035456a10381f565cea006927bb3f3e32b,86173,945,2048
2026-07-12T11:25:47.382181Z,gI_336.JPEG,fraudulent,0.520225,0.16,/storage/emulated/0/Android/data/com.example.vivy_app/files/vivy_debug_batch/batch_inbox/gI_336.JPEG,9e33046a814c973480c2872838fb3af1bb91fb119a1ffb41c598a5c98c104e4e,68310,1055,2048
2026-07-12T11:25:50.403376Z,gI_337.JPEG,fraudulent,0.861463,0.16,/storage/emulated/0/Android/data/com.example.vivy_app/files/vivy_debug_batch/batch_inbox/gI_337.JPEG,215da845de58f568d1884d62687aad9187476a6fac66b58d3abafab5dd68879e,69206,1054,2048
2026-07-12T11:25:53.358145Z,gI_338.JPEG,fraudulent,0.917384,0.16,/storage/emulated/0/Android/data/com.example.vivy_app/files/vivy_debug_batch/batch_inbox/gI_338.JPEG,629556911409797213ebce3a54275bccf2268d665488ae5720cf4240f3a9ee68,78356,1055,2048
2026-07-12T11:25:56.323458Z,gI_339.JPEG,fraudulent,0.695363,0.16,/storage/emulated/0/Android/data/com.example.vivy_app/files/vivy_debug_batch/batch_inbox/gI_339.JPEG,77d694370a82d88839f379adf527d6feae07d124eb5cf31ae59f72062713ec86,65953,1054,2046
2026-07-12T11:25:58.354211Z,gI_340.JPEG,fraudulent,0.680536,0.16,/storage/emulated/0/Android/data/com.example.vivy_app/files/vivy_debug_batch/batch_inbox/gI_340.JPEG,23de7da8a80d45c607cef56ad0cce061c113f8c0f0c471b917ff941b8d32bd79,41107,828,1608
2026-07-12T11:26:00.398323Z,gI_341.JPEG,fraudulent,0.680536,0.16,/storage/emulated/0/Android/data/com.example.vivy_app/files/vivy_debug_batch/batch_inbox/gI_341.JPEG,23de7da8a80d45c607cef56ad0cce061c113f8c0f0c471b917ff941b8d32bd79,41107,828,1608
2026-07-12T11:26:02.407835Z,gI_342.JPEG,fraudulent,0.680536,0.16,/storage/emulated/0/Android/data/com.example.vivy_app/files/vivy_debug_batch/batch_inbox/gI_342.JPEG,23de7da8a80d45c607cef56ad0cce061c113f8c0f0c471b917ff941b8d32bd79,41107,828,1608
2026-07-12T11:26:07.435530Z,gI_343.JPEG,unclear,0.136814,0.16,/storage/emulated/0/Android/data/com.example.vivy_app/files/vivy_debug_batch/batch_inbox/gI_343.JPEG,8ae9c36b4fcb34c63096718c58fa6937c725ac532bcb97a99e2a0d3a8e66afdf,107864,1290,2796
2026-07-12T11:26:10.134676Z,gI_345.JPEG,fraudulent,0.414513,0.16,/storage/emulated/0/Android/data/com.example.vivy_app/files/vivy_debug_batch/batch_inbox/gI_345.JPEG,61e6a22a3b53b16e978613ffee1976fd1eb0c9d2a74577cc3aa42ca4db8b900d,64210,945,2048
2026-07-12T11:26:13.255883Z,gI_346.JPEG,fraudulent,0.326486,0.16,/storage/emulated/0/Android/data/com.example.vivy_app/files/vivy_debug_batch/batch_inbox/gI_346.JPEG,cbb0b7724e7c56ad78770a86fd81650f8f656a2b33369887872cb2b8df648969,67196,1055,2048
2026-07-12T11:26:16.288483Z,gI_348.JPEG,fraudulent,0.432758,0.16,/storage/emulated/0/Android/data/com.example.vivy_app/files/vivy_debug_batch/batch_inbox/gI_348.JPEG,d6d9580851e94db70a3150f7d48a8dc52f374538445f00d971fc2a1bcca14e8e,70518,945,2048
2026-07-12T11:26:20.068347Z,gI_349.JPEG,fraudulent,0.650131,0.16,/storage/emulated/0/Android/data/com.example.vivy_app/files/vivy_debug_batch/batch_inbox/gI_349.JPEG,1258a14a08293f8072ff487dc24392bf2903832871b3bf5cd91f4512b472341e,53817,828,1792
2026-07-12T11:26:22.905173Z,gI_350.JPEG,fraudulent,0.391485,0.16,/storage/emulated/0/Android/data/com.example.vivy_app/files/vivy_debug_batch/batch_inbox/gI_350.JPEG,100d0a701a54eba5070aa0bc9d5f1647a8864dae3fdcb6ce4aad303643063c31,64244,945,2048
2026-07-12T11:26:25.068270Z,gI_351.JPEG,fraudulent,0.787018,0.16,/storage/emulated/0/Android/data/com.example.vivy_app/files/vivy_debug_batch/batch_inbox/gI_351.JPEG,f4e4c2385dd62e863919cc510ec7565462a96220fce785bb5bb9646d9bb6375f,53904,828,1792
2026-07-12T11:26:27.236614Z,gI_352.JPEG,fraudulent,0.787018,0.16,/storage/emulated/0/Android/data/com.example.vivy_app/files/vivy_debug_batch/batch_inbox/gI_352.JPEG,f4e4c2385dd62e863919cc510ec7565462a96220fce785bb5bb9646d9bb6375f,53904,828,1792
2026-07-12T11:26:30.331929Z,gI_353.JPEG,fraudulent,0.274687,0.16,/storage/emulated/0/Android/data/com.example.vivy_app/files/vivy_debug_batch/batch_inbox/gI_353.JPEG,5c4a919bdef3cf00bf3aa431bcc2b68ae188319933c008d28cf2104a1fa7b351,72036,1055,2048
2026-07-12T11:26:32.434389Z,gI_354.JPEG,fraudulent,0.300214,0.16,/storage/emulated/0/Android/data/com.example.vivy_app/files/vivy_debug_batch/batch_inbox/gI_354.JPEG,4b9c5a2c1a2ad613bbd56f5f7ae34aec6c84f6aeab2a1e374f7b2c42004021a3,56115,828,1792
2026-07-12T11:26:35.116439Z,gI_355.JPEG,fraudulent,0.282692,0.16,/storage/emulated/0/Android/data/com.example.vivy_app/files/vivy_debug_batch/batch_inbox/gI_355.JPEG,db8fd12156bf986567b59ee91d8cae020b67c8dc87846897256d0baf9ff7879b,69222,945,2048
2026-07-12T11:26:37.325132Z,gI_357.JPEG,unclear,0.122663,0.16,/storage/emulated/0/Android/data/com.example.vivy_app/files/vivy_debug_batch/batch_inbox/gI_357.JPEG,6193880af3042a5e1908b1add8e7976c6f5fa72e723d5a8a7b6ccdff528fcd89,58488,828,1792
2026-07-12T11:26:40.716615Z,gI_358.JPEG,fraudulent,0.913158,0.16,/storage/emulated/0/Android/data/com.example.vivy_app/files/vivy_debug_batch/batch_inbox/gI_358.JPEG,0760263232318fe4f0bf4d4858bdb91fc1172a287322570a54fa26703a0889ac,75307,1125,2184
2026-07-12T11:26:43.744688Z,gI_359.JPEG,fraudulent,0.939778,0.16,/storage/emulated/0/Android/data/com.example.vivy_app/files/vivy_debug_batch/batch_inbox/gI_359.JPEG,3aeefe972bd1623c78ed3ae8353effb9c1ef29e57b7668e9fa0235cb54f2db29,77749,1055,2048
2026-07-12T11:26:45.891706Z,gI_360.JPEG,fraudulent,0.479596,0.16,/storage/emulated/0/Android/data/com.example.vivy_app/files/vivy_debug_batch/batch_inbox/gI_360.JPEG,ea2cda21e18b5953ed8fff968f091da30fb48fa883960ebd02b1d58cb80c5bc4,52777,828,1792
2026-07-12T11:26:48.914313Z,gI_361.JPEG,fraudulent,0.945729,0.16,/storage/emulated/0/Android/data/com.example.vivy_app/files/vivy_debug_batch/batch_inbox/gI_361.JPEG,5bd5d8ce5ada6cdd041835892389e9ab7f94f509c6148c9550c708a2b2782cda,78317,1055,2048
2026-07-12T11:26:51.895888Z,gI_363.JPEG,fraudulent,0.736260,0.16,/storage/emulated/0/Android/data/com.example.vivy_app/files/vivy_debug_batch/batch_inbox/gI_363.JPEG,401dc9c2eb5f9f421c6188cb78e54c07eb49020bc214c86ccdea4d013e5668f9,67453,1054,2046
2026-07-12T11:26:53.989495Z,gI_367.JPEG,fraudulent,0.364705,0.16,/storage/emulated/0/Android/data/com.example.vivy_app/files/vivy_debug_batch/batch_inbox/gI_367.JPEG,da27dda60289697c8c70532fec7c0002dcde6a45601cafe9f6c388ecc3b5ab05,51437,828,1792
2026-07-12T11:26:56.908311Z,gI_368.JPEG,fraudulent,0.767416,0.16,/storage/emulated/0/Android/data/com.example.vivy_app/files/vivy_debug_batch/batch_inbox/gI_368.JPEG,88413ee17928baeb9321c3f7267b68066fcc5142df3811f1b423269cf70db666,66777,1054,2046
2026-07-12T11:26:59.810212Z,gI_369.JPEG,fraudulent,0.904517,0.16,/storage/emulated/0/Android/data/com.example.vivy_app/files/vivy_debug_batch/batch_inbox/gI_369.JPEG,49ce7a4acb8b665c4e9b8d71d9c6e32cbe4e98eb811b20182a4d67d160a52570,62994,1054,2046
2026-07-12T11:27:01.969763Z,gI_370.JPEG,fraudulent,0.800291,0.16,/storage/emulated/0/Android/data/com.example.vivy_app/files/vivy_debug_batch/batch_inbox/gI_370.JPEG,7a531e24f367497bdd57498146dffbb0af90f442c7125a2a2a92726e32843bdb,54893,828,1792
2026-07-12T11:27:04.421970Z,gI_373.PNG,fraudulent,0.274886,0.16,/storage/emulated/0/Android/data/com.example.vivy_app/files/vivy_debug_batch/batch_inbox/gI_373.PNG,5e5d3ca3b6da381bb19839c77543ab35e4ec3a40c034b3e2b177cc1996c19fcf,104499,828,1792
2026-07-12T11:27:06.544808Z,gI_374.jpg,fraudulent,0.521791,0.16,/storage/emulated/0/Android/data/com.example.vivy_app/files/vivy_debug_batch/batch_inbox/gI_374.jpg,54377c1642c7225b4fa23a1a359c9f82982142ccf4fe240cc1a8e7de938f8800,54375,828,1792
2026-07-12T11:27:08.525872Z,gI_376.jpg,fraudulent,0.910556,0.16,/storage/emulated/0/Android/data/com.example.vivy_app/files/vivy_debug_batch/batch_inbox/gI_376.jpg,734a9193e74b051a172a44c90b8541b6d99f4ebc05f26ce74017d696b7f20271,47500,828,1608
2026-07-12T11:27:10.475525Z,gI_378.jpg,fraudulent,0.575073,0.16,/storage/emulated/0/Android/data/com.example.vivy_app/files/vivy_debug_batch/batch_inbox/gI_378.jpg,a84c6816cc6d18981566bba81a039513c5b1acd6f7ed2c97398e219fdea8aeb6,47739,828,1608
2026-07-12T11:27:12.469196Z,gI_379.jpg,fraudulent,0.547314,0.16,/storage/emulated/0/Android/data/com.example.vivy_app/files/vivy_debug_batch/batch_inbox/gI_379.jpg,55c8668e71a3f13c6b81df70eef52c32210d82e91e21f3ca3745e64751fd0528,42305,828,1608
2026-07-12T11:27:15.477561Z,gI_380.jpg,fraudulent,0.220208,0.16,/storage/emulated/0/Android/data/com.example.vivy_app/files/vivy_debug_batch/batch_inbox/gI_380.jpg,335d6b5683e67ca903a4a58e091a83809ae3435907fbb59faa49364689965fa6,93119,1055,2048
2026-07-12T11:27:16.396905Z,gI_381.jpg,fraudulent,0.799094,0.16,/storage/emulated/0/Android/data/com.example.vivy_app/files/vivy_debug_batch/batch_inbox/gI_381.jpg,688a0fdec92c4275c1335ad1c52477da2e99b0763a30a1a5bcf6ab03b4c114b5,42749,530,1024
2026-07-12T11:27:18.466294Z,gI_382.jpg,fraudulent,0.305980,0.16,/storage/emulated/0/Android/data/com.example.vivy_app/files/vivy_debug_batch/batch_inbox/gI_382.jpg,fc9499a427307cc8554bfe956bb7d72054b940c1045526ef101d8a3ff8a1affd,53427,828,1792
2026-07-12T11:27:19.467462Z,gI_383.jpg,fraudulent,0.565460,0.16,/storage/emulated/0/Android/data/com.example.vivy_app/files/vivy_debug_batch/batch_inbox/gI_383.jpg,51e16e7bcd8b2e886230928584cb9b5893c73a9a97b2958fb3a9acad2f23a469,40832,530,1024
2026-07-12T11:27:22.243328Z,gI_386.jpg,fraudulent,0.263860,0.16,/storage/emulated/0/Android/data/com.example.vivy_app/files/vivy_debug_batch/batch_inbox/gI_386.jpg,ea6b5a50f743d57e931b1d674f55aac78f125a57e34b34b41c56aa3193fecfdd,70585,946,2048
2026-07-12T11:27:25.216739Z,gI_391.jpg,fraudulent,0.239560,0.16,/storage/emulated/0/Android/data/com.example.vivy_app/files/vivy_debug_batch/batch_inbox/gI_391.jpg,6e158d0889c57ea3713a9409c6fb7dc5f0c059c2af17230bf99a06f756a947c4,73336,1060,2048
2026-07-12T11:27:27.114809Z,gI_393.jpg,fraudulent,0.629564,0.16,/storage/emulated/0/Android/data/com.example.vivy_app/files/vivy_debug_batch/batch_inbox/gI_393.jpg,7c8a3497de633c16f160e743fbbb544b0ae6c451f4b754c5a7769805fd6b5a75,53209,828,1608
2026-07-12T11:27:29.195408Z,gI_394.jpg,fraudulent,0.582631,0.16,/storage/emulated/0/Android/data/com.example.vivy_app/files/vivy_debug_batch/batch_inbox/gI_394.jpg,26408599aff03520f3739c72d6e4b51dd55f448f9def7af96e6c040e6552e552,67067,828,1792
2026-07-12T11:27:31.272050Z,gI_395.jpg,fraudulent,0.648275,0.16,/storage/emulated/0/Android/data/com.example.vivy_app/files/vivy_debug_batch/batch_inbox/gI_395.jpg,bc18956162c2a1221aa1e829dc073e72c94194bb0b83ce76cda8a5e7c09a304c,64857,828,1792